fips,year,gini,ginican
01003,2008,0.5066407619903394,0.5068407069393004
01003,2012,0.4886485285512908,0.48881421177841844
01003,2016,0.5059795077401649,0.5061655511885021
01015,2008,0.4765452833942143,0.4768145750404926
01015,2012,0.4859750320179713,0.48618926564572007
01015,2016,0.4963575726114474,0.4966813136327346
01055,2008,0.48961753673357566,0.48989498035348333
01055,2012,0.4883055331140921,0.48850069985550704
01055,2016,0.46904286364879133,0.46929258463123347
01073,2008,0.514267045454913,0.5144781348919878
01073,2012,0.5103720439592716,0.5105403280718974
01073,2016,0.5443208158379939,0.544560147998709
01081,2008,0.5066463733134061,0.5068581427823347
01081,2012,0.5489528870453914,0.5490878509135086
01081,2016,0.49643094385064224,0.4966475944224271
01097,2008,0.49451347800071344,0.4947164479878552
01097,2012,0.4944091255521833,0.4945895410024832
01097,2016,0.49815417161758424,0.49836012788171047
01117,2008,0.5091238130993023,0.5093023302367214
01117,2012,0.5025129180992597,0.5026560254347032
01117,2016,0.517967954524321,0.518187122315851
04005,2008,0.4874759373291574,0.48766928742651316
04005,2012,0.571594117838886,0.5718431044282681
04005,2016,0.5106237591804317,0.5108246853861829
04013,2008,0.504081090131558,0.5042728404614536
04013,2012,0.5027013369276172,0.502887029176236
04013,2016,0.5177266041834843,0.5179000779753551
04019,2008,0.5086389624893188,0.5088761618269473
04019,2012,0.5131272668006872,0.5133234476338657
04019,2016,0.5148135439079897,0.5150470798212154
04025,2008,0.49685622597244083,0.4971124252958816
04025,2012,0.4750362490085053,0.4752760999465977
04025,2016,0.5115157781479043,0.5117253835887254
04027,2008,0.48319144933547,0.4833950379821488
04027,2012,0.48667782255971515,0.48690217128444147
04027,2016,0.4770505261790102,0.47730387029992016
05007,2008,0.5123959111444445,0.5125995624169946
05007,2012,0.5013191249865119,0.5015066055565285
05007,2016,0.5095162168621454,0.5096678572234623
05119,2008,0.511760097796037,0.5119535150952288
05119,2012,0.49424866780406174,0.4944370723066527
05119,2016,0.518944582301462,0.5191123988784625
05143,2008,0.48953806140529843,0.489778943476324
05143,2012,0.5029580930440993,0.5031687711181405
05143,2016,0.5056483218171051,0.5058497090720664
06001,2008,0.5152858504076595,0.5154863335210393
06001,2012,0.5226767570937138,0.5228297827152346
06001,2016,0.5330161593374918,0.5331644122552461
06007,2008,0.5236425054057325,0.5239151905564086
06007,2012,0.5368667299811787,0.5370713359812385
06007,2016,0.5400616705108443,0.5403502604682444
06013,2008,0.5330720316561468,0.5332555758834587
06013,2012,0.5477371603397083,0.5478967612436918
06013,2016,0.5421632370978378,0.5423588963333259
06017,2008,0.5071295390929369,0.507348291241442
06017,2012,0.5250081618805422,0.5251916645941321
06017,2016,0.5292424941246185,0.529442650819135
06019,2008,0.5213322127870856,0.5216158418716077
06019,2012,0.5329628435476976,0.533210414058658
06019,2016,0.5352390674113813,0.5355092512963893
06023,2008,0.5307991696386575,0.5310859180326872
06023,2012,0.5111638664964054,0.5113509320987077
06023,2016,0.5261449464458512,0.5267001042366815
06025,2008,0.5253447509812615,0.5257302755025819
06025,2012,0.5152826051561226,0.5156174378401204
06025,2016,0.5460961424290567,0.5464409595246877
06029,2008,0.5225840714618872,0.5228443946151629
06029,2012,0.5211891291437782,0.5214676970978189
06029,2016,0.5234191495813563,0.523721089620949
06031,2008,0.45723688523384864,0.4574054284154556
06031,2012,0.5136353143161934,0.5139650619012173
06031,2016,0.47603498446106285,0.4762722386105338
06037,2008,0.5457761872461083,0.54603378228785
06037,2012,0.5457618867782902,0.5459770921770541
06037,2016,0.5529573973258313,0.5531851475607255
06039,2008,0.5177852683228061,0.5180703238719673
06039,2012,0.5119005515918987,0.5121269805765394
06039,2016,0.4860068143238183,0.48618925711303973
06041,2008,0.5603675783996658,0.560581449064216
06041,2012,0.5719603327339944,0.5721287403842439
06041,2016,0.5815609500826593,0.5816964985831419
06047,2008,0.5130355245563092,0.5133179941272488
06047,2012,0.5032082387870802,0.5034170446156168
06047,2016,0.5172177595261196,0.5174950547025787
06055,2008,0.5323504568078927,0.5325752275230116
06055,2012,0.5357420133474156,0.5358999230764709
06055,2016,0.5459787312235437,0.5461858349788145
06059,2008,0.5463402683001449,0.5465763444090044
06059,2012,0.5483730512422541,0.5485829958061004
06059,2016,0.5558116303086654,0.5560155444477459
06061,2008,0.4928060787802081,0.4930401669440698
06061,2012,0.5026280575874644,0.5027961343528204
06061,2016,0.5316446977863027,0.5318565816380669
06065,2008,0.5059039738235862,0.5061327646194513
06065,2012,0.5105366799043771,0.5107527615737126
06065,2016,0.5089280363902431,0.5091808675329048
06067,2008,0.48623874264608624,0.48646625842570757
06067,2012,0.513756246629079,0.5139689540387735
06067,2016,0.5118742950951454,0.5121224041959067
06071,2008,0.4955951595669599,0.4958657509309887
06071,2012,0.4980049053817148,0.4982569999606312
06071,2016,0.5021271534018941,0.5023855773888499
06073,2008,0.5220295818277894,0.522273995460182
06073,2012,0.5204332362497641,0.5206199995836869
06073,2016,0.5285445759661453,0.5287929110068035
06075,2008,0.5587966431296101,0.5589950183070869
06075,2012,0.561428794428781,0.5616135163652416
06075,2016,0.554669818503488,0.5548342748800223
06077,2008,0.5098238867448306,0.5101090899146357
06077,2012,0.5238685309348,0.5241004632350723
06077,2016,0.5093322322690377,0.5095790894905576
06079,2008,0.5189312100444731,0.5192071456537519
06079,2012,0.5344990284910653,0.5347340126468225
06079,2016,0.5239969048364111,0.5242240132841971
06081,2008,0.5472992020268419,0.5475164244985535
06081,2012,0.5420007733898604,0.542199528346373
06081,2016,0.5617933337925016,0.5619997129324474
06083,2008,0.5518045785691895,0.5520353816424404
06083,2012,0.549032289006643,0.5492406027300376
06083,2016,0.5446457410263513,0.5449084510614739
06085,2008,0.5397170352035302,0.5399075622954115
06085,2012,0.5470816435849183,0.5472319034702195
06085,2016,0.5591812894472996,0.5593389141395164
06087,2008,0.5494459236670324,0.5496674894824878
06087,2012,0.5532230939810264,0.5533864797770889
06087,2016,0.5889091397651944,0.5891487014767449
06089,2008,0.5154768474013325,0.5157728879528349
06089,2012,0.4943460900152795,0.4945756978733016
06089,2016,0.5116359556547974,0.5118623095709154
06095,2008,0.4778056182403547,0.4780100586839353
06095,2012,0.4944515721619446,0.49465601983763463
06095,2016,0.5164969081229374,0.5167171418570433
06097,2008,0.5243169057027247,0.5245224328449467
06097,2012,0.5220142681961342,0.5222276186907493
06097,2016,0.5188841506143327,0.5191155772821503
06099,2008,0.504905477585395,0.5051449112551154
06099,2012,0.5156261701635305,0.5158862028292788
06099,2016,0.5089994895571881,0.5092585431128782
06107,2008,0.4940126852682991,0.494279008270496
06107,2012,0.512822900526454,0.5130859818987119
06107,2016,0.49561103580753596,0.49591209477694065
06111,2008,0.5321020783122896,0.5323271512229439
06111,2012,0.5324746641134932,0.5326978961850273
06111,2016,0.5330153135297844,0.5332549909323916
06113,2008,0.5350394313314291,0.535319789675782
06113,2012,0.5565660996392319,0.5568090719329177
06113,2016,0.5683746570174459,0.5685894172164581
09001,2008,0.6104082315246113,0.6106483491379322
09001,2012,0.6115626231096547,0.6118324243450388
09001,2016,0.610882364432044,0.6111177960476653
09003,2008,0.5138976693532303,0.5141795077427105
09003,2012,0.5101529494818431,0.5104309286552962
09003,2016,0.5042816812020564,0.5045513157599544
09005,2008,0.48483593613069464,0.48510673850944386
09005,2012,0.49238502176542887,0.49265803389204166
09005,2016,0.4946037379915593,0.4948750338872401
09007,2008,0.5027493530071895,0.5030427114407416
09007,2012,0.4892348144185409,0.48951005464138575
09007,2016,0.5346506614010575,0.5349392163811046
09009,2008,0.5008338371225971,0.5010883394654684
09009,2012,0.5056058166035587,0.5059102297343543
09009,2016,0.49859339138516856,0.49887646981869693
09011,2008,0.4774697331922796,0.4777280510169817
09011,2012,0.4932686234900452,0.49359344779713865
09011,2016,0.5151314293806136,0.5154145180807177
09013,2008,0.5197110971848092,0.5199957602484062
09013,2012,0.48988287799686525,0.49002853137804436
09013,2016,0.511920695726984,0.5121190491784944
09015,2008,0.4556232780291476,0.45590822787463026
09015,2012,0.4554715053913829,0.455579342473726
09015,2016,0.4961689017857266,0.4963957666101919
10001,2008,0.4246974067105703,0.4249432022565145
10001,2012,0.46439399180645546,0.4645659939960467
10001,2016,0.4686928619619396,0.4689143636057338
10003,2008,0.5181105549586118,0.51834435169053
10003,2012,0.49949065271355775,0.49966673829169395
10003,2016,0.49398284337049425,0.4941043514033936
10005,2008,0.4941324946449642,0.49441183857732085
10005,2012,0.49476169756173194,0.49493135994913473
10005,2016,0.484789208765806,0.48495693610152557
11001,2008,0.5615093874214818,0.5617554618701206
11001,2012,0.5530346531712671,0.5532518151934482
11001,2016,0.5541214333685728,0.5543562936425133
12001,2008,0.5460425353276628,0.5462733313191848
12001,2012,0.5611505289594299,0.5614100374186819
12001,2016,0.5406643612403352,0.5409198208962493
12009,2008,0.49633569962976987,0.4965688242051556
12009,2012,0.5113204495003083,0.5115173741037324
12009,2016,0.512246923410647,0.5124946897316249
12011,2008,0.5082781650293422,0.5084723172335543
12011,2012,0.5220538010623756,0.5222767583336463
12011,2016,0.526168082994596,0.5264038787272511
12015,2008,0.4839125560324854,0.48414894307546774
12015,2012,0.4653526169090416,0.46554672618026416
12015,2016,0.5162259517123707,0.516514927347373
12019,2008,0.4712285982014308,0.4714519142353879
12019,2012,0.4794935901284495,0.479661799557789
12019,2016,0.47813269613630716,0.4783560294779079
12021,2008,0.5575646734757301,0.5577941901697727
12021,2012,0.5752219816641213,0.5754738225083997
12021,2016,0.5720720996236439,0.5723347696511496
12033,2008,0.4899937775680536,0.49025200123054447
12033,2012,0.47322331904305137,0.47349036962725677
12033,2016,0.49578356686609204,0.49605032790373116
12053,2008,0.44657479532913846,0.44679838252659465
12053,2012,0.4464475799222376,0.4467053454434904
12053,2016,0.46465730117699333,0.4648811874276362
12057,2008,0.5092745129274021,0.5094723634165348
12057,2012,0.5248751045366931,0.5251158539440439
12057,2016,0.5276819584590418,0.5278917282885232
12071,2008,0.5150148740712049,0.5152496312634867
12071,2012,0.5108576532956112,0.5111406324040217
12071,2016,0.5119892232710768,0.5122575865834733
12081,2008,0.4997804528922254,0.5000439047546479
12081,2012,0.5215237091381539,0.5217255341293026
12081,2016,0.514880339313416,0.515160578141149
12083,2008,0.48142571473525075,0.4816856283978268
12083,2012,0.4689482746860538,0.4692733323752236
12083,2016,0.4612165748335014,0.46162431107779867
12085,2008,0.5625255606460846,0.5627495527591861
12085,2012,0.5708134179675373,0.5710505275827416
12085,2016,0.5723952570463218,0.5726440743540309
12091,2008,0.47715602060786533,0.47735644930338594
12091,2012,0.4978135143188166,0.49803642083247723
12091,2016,0.5091278368474452,0.5094017055254767
12095,2008,0.5022561638713708,0.502486515945975
12095,2012,0.5174769905072727,0.5176576419685261
12095,2016,0.5115873598922909,0.5117751985158066
12097,2008,0.44786159626702327,0.4481671591885288
12097,2012,0.46938937910557066,0.4696124226279039
12097,2016,0.4488840555068385,0.44915982734141835
12099,2008,0.5502477350956427,0.5505190648800635
12099,2012,0.5509317683192644,0.5511521393336807
12099,2016,0.5516538866451166,0.5519034722597098
12101,2008,0.4746774269592111,0.47495711617330016
12101,2012,0.4796149252613623,0.47983452819403283
12101,2016,0.49876707352857297,0.4989998844666843
12103,2008,0.49509264969663114,0.49533765455475987
12103,2012,0.5011774082455164,0.5014121656461157
12103,2016,0.5019721967801777,0.5021910933555773
12105,2008,0.47623872964358105,0.4765365826373227
12105,2012,0.47129352375957856,0.47152728905825825
12105,2016,0.4699309280479842,0.4701853506724092
12113,2008,0.4987901125686468,0.4990594417949126
12113,2012,0.5027925175077645,0.5030926384361578
12113,2016,0.488133738946259,0.4883234953545923
12115,2008,0.5194124174974428,0.5196785270784403
12115,2012,0.5127469620136685,0.5129779479542549
12115,2016,0.5366083542880327,0.5368366525650572
12117,2008,0.5105811745305417,0.5108228858747452
12117,2012,0.5011564975542981,0.5013318527663841
12117,2016,0.5044760114841693,0.5046828689214635
12111,2008,0.4574069683524059,0.45767585739224614
12111,2012,0.4935711963862398,0.4937625187881167
12111,2016,0.49050437864093444,0.49076340570991306
13021,2008,0.5597705962233042,0.5600113295302833
13021,2012,0.5071338048508206,0.5073604514516035
13021,2016,0.5371735947866416,0.53739604525299
13051,2008,0.5221088186578255,0.5223723537111482
13051,2012,0.5319761166042107,0.5321318468566005
13051,2016,0.5287363770154958,0.5289776850997896
13057,2008,0.5080765163412844,0.5082387617191557
13057,2012,0.4851483581923799,0.485323688773434
13057,2016,0.5000808807254316,0.5002064588269377
13063,2008,0.419907963098766,0.42011238210881174
13063,2012,0.4650176344529775,0.4652445310285316
13063,2016,0.4462578245442448,0.4465244047798933
13067,2008,0.5214660646324076,0.5216381527312706
13067,2012,0.5230022556328787,0.5231572606675172
13067,2016,0.5207062879786277,0.5209028454582949
13135,2008,0.49812824606318784,0.49829250631751165
13135,2012,0.4940967777944375,0.494260531488635
13135,2016,0.5107162676525071,0.5109187425995287
13139,2008,0.5079701503417371,0.5082170512654614
13139,2012,0.4877013591715368,0.4879198695291507
13139,2016,0.4890629984039908,0.48930623095571946
13151,2008,0.4503850930436295,0.4506049148295119
13151,2012,0.4833536399711543,0.483548873762345
13151,2016,0.4813024968888896,0.4814819065537108
13245,2008,0.48464268059523263,0.48490956001000995
13245,2012,0.5057115495953013,0.505967890302486
13245,2016,0.4914641883486609,0.49175513575499963
15001,2008,0.48285290364538,0.48309154251495556
15001,2012,0.48406076425039,0.48420750479368735
15001,2016,0.4885958315951414,0.4888218604334611
15003,2008,0.483409072090366,0.48357443444433557
15003,2012,0.47156359278321014,0.47170696202420004
15003,2016,0.4779112704899767,0.47806728782211394
17019,2008,0.546963178063876,0.547229323807187
17019,2012,0.5411835262893749,0.5413981273173931
17019,2016,0.5457368656842194,0.5459866162492517
17031,2008,0.5286603342682352,0.5288712797637345
17031,2012,0.5280648148059547,0.5282593629744952
17031,2016,0.5338046378250907,0.5339673765884072
17043,2008,0.5335809836684395,0.5338260648600226
17043,2012,0.5287642860402212,0.5289540324404243
17043,2016,0.5282488294069947,0.528468956639017
17091,2008,0.4579369287439381,0.45817164486470574
17091,2012,0.46663636358419425,0.46679118467542935
17091,2016,0.4892558601908765,0.48959434748590525
17097,2008,0.5553818201150249,0.5556313180253483
17097,2012,0.5589595517679231,0.5591485172078592
17097,2016,0.5831417779181385,0.5833703308059057
17099,2008,0.46172639811001615,0.4620265505677139
17099,2012,0.4638501784329705,0.46415508055738997
17099,2016,0.4787791448843637,0.47905334862744553
17115,2008,0.48785629890984006,0.4881284940740045
17115,2012,0.4748415065889855,0.475095508185575
17115,2016,0.4721573306505267,0.47241864297129155
17113,2008,0.5093899928847194,0.5096914497365219
17113,2012,0.5247946062494047,0.5249608786467661
17113,2016,0.519234842727692,0.5194637126764974
17179,2008,0.4612449931275635,0.4614556083107857
17179,2012,0.45516530234352637,0.45536789210945017
17179,2016,0.47442937859258416,0.4746216022143983
18003,2008,0.47174039390107025,0.4719454544909354
18003,2012,0.47570858487531265,0.47587262637716776
18003,2016,0.4896222458773143,0.48982549849051793
18035,2008,0.5034316370525513,0.50367642064748
18035,2012,0.511417219418361,0.5117298101714312
18035,2016,0.5115053132264431,0.5117973871799393
18039,2008,0.49015710044993355,0.49037555228051133
18039,2012,0.4725462183034943,0.47277978194210846
18039,2016,0.4683725883711046,0.4685310786439061
18081,2008,0.4749964014429242,0.4752200190720828
18081,2012,0.4484616223425565,0.448606419576123
18081,2016,0.47974257927676445,0.47992634355415476
18089,2008,0.48003874545532077,0.48025003622979057
18089,2012,0.49244111580236194,0.492635555759648
18089,2016,0.4985558654089206,0.49872067738806436
18091,2008,0.4755503249990596,0.475778391558606
18091,2012,0.46287742819813027,0.46303164562669963
18091,2016,0.47216132283566525,0.4723640066540611
18097,2008,0.5015797989506643,0.5017671021098522
18097,2012,0.4866608864601826,0.486825077338608
18097,2016,0.4991107102741006,0.4993393031661526
18105,2008,0.5546423929982085,0.5548305082297418
18105,2012,0.591051216690555,0.5912753128794748
18105,2016,0.5932606440988487,0.5935706162856036
18127,2008,0.49521269873104257,0.49537126416137767
18127,2012,0.4612090283331902,0.4613465405482202
18127,2016,0.5077199917784463,0.5078899931137926
18141,2008,0.5059582769349488,0.506169273471869
18141,2012,0.5271231851539804,0.527374684868164
18141,2016,0.5455786017245285,0.5458065659684053
19013,2008,0.4969858906520188,0.4971567352970965
19013,2012,0.45885306041449325,0.45907646819796355
19013,2016,0.4939295780924202,0.4941405160635952
19103,2008,0.5324553376321413,0.5325915084486041
19103,2012,0.556899396917385,0.5570263006087259
19103,2016,0.5321238805449351,0.5323234633906395
19113,2008,0.47837554610416155,0.47855542531422657
19113,2012,0.47492605898767815,0.4751125760938919
19113,2016,0.469544177187729,0.46972854235045247
19163,2008,0.4941655508044396,0.49433344668275936
19163,2012,0.5154785182286032,0.5156502003217724
19163,2016,0.49713934525104164,0.4972744114774912
20091,2008,0.5051672832731435,0.5053321713653531
20091,2012,0.513408849181972,0.5135930558861901
20091,2016,0.5054601222346462,0.5056169148857634
20209,2008,0.4587854231907358,0.45912772516743416
20209,2012,0.4652812250809595,0.4654692694676328
20209,2016,0.44054610927988136,0.44073303456028157
21067,2008,0.5278792841242195,0.5280780844394712
21067,2012,0.5501216230115853,0.550289583607082
21067,2016,0.533521541597993,0.533782002512055
21111,2008,0.49132813218263827,0.49150422345155675
21111,2012,0.5031208466195654,0.5033333149183363
21111,2016,0.520307225996986,0.5205399751691857
21117,2008,0.5068947169951268,0.507112821554955
21117,2012,0.4858254014332035,0.48598532700802366
21117,2016,0.467812635530346,0.4679959682864592
22017,2008,0.5362242458801761,0.5366025768061036
22017,2012,0.5304312942567231,0.5306380230745162
22017,2016,0.5498561407284706,0.5501565244649669
22073,2008,0.5649287534738148,0.5652960372414952
22073,2012,0.4854636362308993,0.4856088226903239
22073,2016,0.5090629942401037,0.5093997320365702
22109,2008,0.5196449511456418,0.5198341529059718
22109,2012,0.5271185394582021,0.5274210829324346
22109,2016,0.5505348107970804,0.5509484401551958
23001,2008,0.4701957033136759,0.47037993471093387
23001,2012,0.43639246423550615,0.43657711519770714
23001,2016,0.4564964538885987,0.4566823817281005
23011,2008,0.45901133102005687,0.4591899727441273
23011,2012,0.4700797771456404,0.4703096908494615
23011,2016,0.461771380130616,0.46196589772731045
24003,2008,0.48195697859782016,0.48216338902102507
24003,2012,0.4939839318925239,0.4941700273554943
24003,2016,0.5028270247253723,0.5029823113953853
24510,2008,0.5098358328459662,0.5101305857666603
24510,2012,0.5109537732647772,0.5112279790982939
24510,2016,0.5147179251055233,0.5150013491582968
24005,2008,0.4864138501820763,0.486652473252434
24005,2012,0.492354313933939,0.49254833842064727
24005,2016,0.4866093006555521,0.48682655726065605
24013,2008,0.4876308594982881,0.48783158803422566
24013,2012,0.4754786408585596,0.475667415616158
24013,2016,0.48273001723135756,0.4829813372053309
24017,2008,0.4307308952572214,0.4309287912529669
24017,2012,0.4338756251791628,0.43404241811629163
24017,2016,0.4631190631959756,0.4633693993162069
24021,2008,0.49425807403852373,0.49443688422627474
24021,2012,0.4711838000768348,0.47133260365149
24021,2016,0.4969102929136735,0.4970951827870067
24025,2008,0.4678252722593258,0.46804369847171756
24025,2012,0.47907711337909487,0.4792622605845054
24025,2016,0.47042032818922974,0.4706150689067954
24027,2008,0.485391678931007,0.48551002378275143
24027,2012,0.4786690300460037,0.47878336569630164
24027,2016,0.5026891091310774,0.5028988879217877
24031,2008,0.5367482890473767,0.5369258857770092
24031,2012,0.5268335685626675,0.5270071633510724
24031,2016,0.5350377767448647,0.5352019932481653
24033,2008,0.4346163957624678,0.43475206068933403
24033,2012,0.4648704903152465,0.46504514743264735
24033,2016,0.4584331000799543,0.45860209630905047
24043,2008,0.4755198757588156,0.47577239501302415
24043,2012,0.4551055812543031,0.4552894150214115
24043,2016,0.48252903952481263,0.48276948704173606
25025,2008,0.5536178210926856,0.5539142649309952
25025,2012,0.5662970300324349,0.5665163758601466
25025,2016,0.5485772663267101,0.5488041674079795
26021,2008,0.5137326491139792,0.5139364534402944
26021,2012,0.517739295681755,0.5178928065131458
26021,2016,0.5197334670706251,0.5199286852799219
26075,2008,0.4686741928892185,0.46888335067509956
26075,2012,0.49145526160914943,0.4916642709518442
26075,2016,0.4614918457735928,0.461730798870434
26081,2008,0.509118246486373,0.5093032247250449
26081,2012,0.5118723372779959,0.5120490661812482
26081,2016,0.5181393328745785,0.5183598803931773
26093,2008,0.5083628821909161,0.5085080870829017
26093,2012,0.4938460057371078,0.4939688110210909
26093,2016,0.5021744339295614,0.5023428355492001
26099,2008,0.4774386301361313,0.4776326568122613
26099,2012,0.47984285826747963,0.48004111856198506
26099,2016,0.4811176586928405,0.4813535781212295
26115,2008,0.47236916292439224,0.4725605226000198
26115,2012,0.47639517563420997,0.4765964548986119
26115,2016,0.4486069035505661,0.4487305652285727
26121,2008,0.4786467283703003,0.4788546297751566
26121,2012,0.49656310698898176,0.4968664758663408
26121,2016,0.44013855725367734,0.4403295518496293
26125,2008,0.5325476538959277,0.5327241098455033
26125,2012,0.5297856568056564,0.5299412301137636
26125,2016,0.5364602273446241,0.5366590032560907
26139,2008,0.48865787280330675,0.4888904056722936
26139,2012,0.49161551851970653,0.4918419341657909
26139,2016,0.5111130099045678,0.5113721538814957
26145,2008,0.5138298298602518,0.5140158452677497
26145,2012,0.46418535313280795,0.46439935596907844
26145,2016,0.5168268742751841,0.5171418653596334
26161,2008,0.5462281984313713,0.5463832657996477
26161,2012,0.5249962326250492,0.5251390910302689
26161,2016,0.5494192104142427,0.5496116289438078
26163,2008,0.5067856581216563,0.5069738500774292
26163,2012,0.5189813460267672,0.5191968114252177
26163,2016,0.5115828709207999,0.5118265062617411
27003,2008,0.4256010971750904,0.4257912673825217
27003,2012,0.44389956575598366,0.4440937568520553
27003,2016,0.4512283791985875,0.45144328240013465
27037,2008,0.45722527952256975,0.4574420701567874
27037,2012,0.4760142675397241,0.47617908105746665
27037,2016,0.4793230549488252,0.47944614819033404
27053,2008,0.5364987295343395,0.5367358549385699
27053,2012,0.5236965852764371,0.5239137603441577
27053,2016,0.5191393191044562,0.5193631024999377
27109,2008,0.4965005085436791,0.49670089679497664
27109,2012,0.473468131611646,0.4735983170264433
27109,2016,0.4820768262873505,0.4822675123005524
27123,2008,0.5126509900622983,0.5129580972385952
27123,2012,0.5186497525700134,0.5188329674634247
27123,2016,0.5037014811962286,0.5039359493351299
27163,2008,0.5159240724984536,0.516133494049825
27163,2012,0.4975338453099526,0.49771240368775693
27163,2016,0.4897339487312048,0.4899181540775146
28033,2008,0.4354200723438466,0.4355906164097405
28033,2012,0.45743370183395504,0.45758676595016823
28033,2016,0.4810514794827627,0.48119559325306227
28047,2008,0.483543873905833,0.4836915493205822
28047,2012,0.482552597414485,0.48273497587484826
28047,2016,0.4903773309079519,0.4906215241042844
28059,2008,0.4815689531977563,0.48175023260043304
28059,2012,0.5092329985521663,0.5093934666539894
28059,2016,0.4649676101010971,0.46513975159771803
29019,2008,0.5429084546474376,0.5431629861597571
29019,2012,0.5403764335052409,0.5405737270174598
29019,2016,0.536089794346344,0.5362856701848102
29099,2008,0.4063335052529099,0.40651464266193216
29099,2012,0.4649499384884198,0.4651208159256157
29099,2016,0.43263642871339647,0.43284417965747934
29183,2008,0.4617160433327546,0.4618657828548294
29183,2012,0.4725227839155267,0.47264056277163036
29183,2016,0.48534217532940394,0.4854948366390772
29510,2008,0.4943561196976475,0.49462042238968706
29510,2012,0.5119052092644205,0.5121501771720318
29510,2016,0.5158545518066446,0.5160985302666745
29189,2008,0.5336306793138692,0.5337981183176908
29189,2012,0.5284005977031828,0.5285702901371678
29189,2016,0.5421923595370635,0.5423713790137299
31055,2008,0.5128983085026193,0.5130905505225201
31055,2012,0.5103218639623273,0.5105674032984098
31055,2016,0.5158374736085455,0.5160435964850194
31109,2008,0.4812810602853911,0.48153063145059605
31109,2012,0.49218218434733496,0.4923424450835796
31109,2016,0.49893300205098134,0.49916745721969846
32003,2008,0.4729055844661896,0.4731023191479835
32003,2012,0.4808768754140126,0.4811195868519462
32003,2016,0.49210585965037557,0.49230397073279164
32031,2008,0.4967343546153994,0.496954153862589
32031,2012,0.5105046205638435,0.5107554964639576
32031,2016,0.5112364152553218,0.511425450845195
34003,2008,0.5248519889267205,0.5250224307221742
34003,2012,0.541897840469032,0.5420860863323469
34003,2016,0.5382332497328401,0.5384301854478508
34005,2008,0.48483804832390887,0.4850817423276794
34005,2012,0.5016082455465113,0.5018058036235971
34005,2016,0.4931504655361697,0.49337632735773695
34007,2008,0.5003025651320103,0.5006129812259132
34007,2012,0.5147734032994775,0.5149990898150918
34007,2016,0.5060963380112292,0.5063494724913653
34013,2008,0.5528658745173318,0.553128040802676
34013,2012,0.5598833420976612,0.5600913807534198
34013,2016,0.5676007554693332,0.5678104265161892
34017,2008,0.5141033803514374,0.5143630901703773
34017,2012,0.5143537133450959,0.5145966266254618
34017,2016,0.5368913762740977,0.5371091442819989
34019,2008,0.53001838624036,0.5302771326838922
34019,2012,0.5405959891548834,0.5407520411674795
34019,2016,0.534826524525804,0.5349934743528877
34021,2008,0.5457171952618232,0.5459490271491632
34021,2012,0.5631157677308172,0.5633595796466011
34021,2016,0.5543032591858084,0.5545073179616793
34023,2008,0.48605135856945014,0.48627735554487117
34023,2012,0.5088679528821831,0.5090816269691913
34023,2016,0.49459285000032716,0.4948017107576561
34025,2008,0.5442827644965366,0.5444646879367383
34025,2012,0.5340418651482726,0.5342675734210616
34025,2016,0.5337758642184474,0.5339551092325792
34027,2008,0.5401205855388438,0.5403151567024906
34027,2012,0.529697676242784,0.5298982841201223
34027,2016,0.5513737458760857,0.5515528495388935
34029,2008,0.4942547949563333,0.4945794658167415
34029,2012,0.48155617809849727,0.48177805622992764
34029,2016,0.49240594720718256,0.4926626409876462
34031,2008,0.5022683480166896,0.5025495383671341
34031,2012,0.5155063402690482,0.5157640955269471
34031,2016,0.5107604259394802,0.5109768875931877
34035,2008,0.546173926915401,0.5463769061526023
34035,2012,0.5377801041833354,0.5379809769175381
34035,2016,0.5404136373546842,0.5406345528064662
34037,2008,0.4829958036123192,0.48321851489538403
34037,2012,0.4886371179328781,0.4888563475076353
34037,2016,0.49457843124858814,0.49477488522245494
34039,2008,0.5372700247796118,0.5374942387931014
34039,2012,0.5336028429263984,0.5338159519836836
34039,2016,0.5498117581866331,0.5500059204072159
34041,2008,0.4996097253193569,0.49984767498793303
34041,2012,0.47084803565088906,0.47102169418738526
34041,2016,0.49046458798946546,0.49066897835839995
35013,2008,0.4967019098213876,0.49688381281711713
35013,2012,0.4890989723586444,0.4893142614789383
35013,2016,0.5016323822841642,0.5018800769709344
36001,2008,0.4846573334394081,0.4849062366727708
36001,2012,0.4965405072826332,0.49681590600698655
36001,2016,0.5263722201777774,0.5266706008099504
36005,2008,0.4891156899811,0.4893566863545402
36005,2012,0.5002254235097935,0.5005356711815239
36005,2016,0.48703886472924374,0.4873032920315836
36013,2008,0.4534919219572301,0.45365002592484416
36013,2012,0.5057616330859018,0.5062120999574518
36013,2016,0.44908845607131387,0.4492562290021169
36027,2008,0.5135144595958301,0.5138446365715481
36027,2012,0.5064790637075041,0.5067366699548188
36027,2016,0.5310314859404326,0.5312675879310405
36029,2008,0.49869809992482506,0.49900483154942776
36029,2012,0.48874346957648684,0.4890392669587982
36029,2016,0.49095648961073846,0.491298663432417
36047,2008,0.5115046606237708,0.5118397077867485
36047,2012,0.5147247990578716,0.5150160114203572
36047,2016,0.5409903241467797,0.5412628067529113
36059,2008,0.551653649997605,0.5518442337390752
36059,2012,0.5354614400360553,0.5356457064654023
36059,2016,0.5396199996073283,0.5398060334516686
36061,2008,0.6274697916414459,0.6276707844888278
36061,2012,0.5954554105292252,0.5956804724512494
36061,2016,0.611429739585411,0.6116093726691361
36063,2008,0.45997147594539867,0.46021754000787496
36063,2012,0.4764220773483202,0.47670790985250733
36063,2016,0.4671897827750796,0.46740301800184625
36071,2008,0.5043275246911578,0.5045903520714319
36071,2012,0.5227122371383064,0.5229300322569088
36071,2016,0.502659854178819,0.5029055148797852
36075,2008,0.5067440444076163,0.5070773449401145
36075,2012,0.4917630443911355,0.49208090927723447
36075,2016,0.4860020551502354,0.48625005948821354
36081,2008,0.4776046216507317,0.47787037562420664
36081,2012,0.4818523718517981,0.4820789168261399
36081,2016,0.49094386755569075,0.4911884926473249
36083,2008,0.45583396497734696,0.4560153044967592
36083,2012,0.46201926562472173,0.462264703756432
36083,2016,0.4558444646432289,0.4560423437391705
36085,2008,0.46590112561881336,0.46612096622641275
36085,2012,0.4853062309109192,0.48553631145546206
36085,2016,0.49861228106774547,0.4988602202686252
36087,2008,0.5341360874371435,0.5343121628674794
36087,2012,0.5280942583763115,0.5282974868938481
36087,2016,0.5390408111494369,0.5392150097874833
36091,2008,0.4631981943544319,0.4634561657548488
36091,2012,0.49047365939628285,0.4906501501295679
36091,2016,0.4969144249379289,0.4971833287726213
36093,2008,0.4627962058534153,0.46298023935179344
36093,2012,0.48795488735249115,0.48824961182793913
36093,2016,0.4947136976735177,0.4949569223821584
36089,2008,0.5053546805825491,0.5055749407440544
36089,2012,0.5153682424515518,0.5156905050887417
36089,2016,0.5075471703627192,0.5078516383596536
36103,2008,0.5104415330887926,0.5107160906948138
36103,2012,0.522969960789861,0.5231663249339817
36103,2016,0.5203010120013141,0.5205387721498482
37001,2008,0.4722803245290371,0.4724999766424105
37001,2012,0.4908804153829468,0.49107993985609255
37001,2016,0.46494262495406447,0.46517764199580824
37035,2008,0.4697976666797219,0.4700314548371409
37035,2012,0.4843247869148062,0.48453184929962845
37035,2016,0.4873958868231999,0.48764632095395655
37051,2008,0.4686454608315317,0.4688900823746849
37051,2012,0.4606343492092655,0.460871788216366
37051,2016,0.4656799965804507,0.4659794842847873
37057,2008,0.4532662577836639,0.45354190998978083
37057,2012,0.4682692175525226,0.46847089808184705
37057,2016,0.47208534103678823,0.4723281257475662
37067,2008,0.506004253260997,0.5062219416843163
37067,2012,0.5324649909655683,0.5326917278785004
37067,2016,0.5347141670492667,0.5349632794807349
37081,2008,0.5118929566701069,0.5120657062437886
37081,2012,0.5052069973143882,0.5053874486764016
37081,2016,0.5332846932128354,0.5334730955795521
37119,2008,0.5193379182600351,0.5195512373647944
37119,2012,0.5378878861635368,0.538086052719791
37119,2016,0.5292050700397363,0.5293993380519169
37147,2008,0.5005176562413016,0.5007904905987175
37147,2012,0.48712333304550237,0.4873312034528965
37147,2016,0.5261493349071964,0.5263072807807703
37151,2008,0.4825762871050988,0.48287903660158804
37151,2012,0.4630086787348331,0.4631987813968692
37151,2016,0.44196991740788405,0.44217988132871255
37159,2008,0.4716395895647014,0.4719345631612839
37159,2012,0.4372611122219018,0.437465266692584
37159,2016,0.46111498277055163,0.4614177252846332
37191,2008,0.4750010737319186,0.47525559028116504
37191,2012,0.48666417025884223,0.48695986265980196
37191,2016,0.511706814082187,0.5119544347394083
38017,2008,0.4853308422871283,0.48553545755180494
38017,2012,0.5530354279834064,0.5532420176083832
38017,2016,0.473409480553735,0.47358186178277606
39007,2008,0.4902798243103055,0.49053599535236003
39007,2012,0.46838294828521987,0.4685508094752322
39007,2016,0.4953963621031682,0.49557944293798073
39017,2008,0.5015878512786756,0.5017843554497858
39017,2012,0.4940007323193002,0.494209307714641
39017,2016,0.5146884908712237,0.5148209253363234
39029,2008,0.46419303664815614,0.46441549789386727
39029,2012,0.45547981429623186,0.45567579144616843
39029,2016,0.459457110400723,0.4597242460382063
39035,2008,0.5228464365961181,0.523028903919112
39035,2012,0.5278748534441742,0.5281035801401686
39035,2016,0.530146117598611,0.5303629033608104
39041,2008,0.5246618435234578,0.5248251288578558
39041,2012,0.4964875642646819,0.4966528459277413
39041,2016,0.5432999004702148,0.5434491686721117
39045,2008,0.4868248431539638,0.4870249107152915
39045,2012,0.47874893588483314,0.47892313291484356
39045,2016,0.46600990184269886,0.466172850131386
39049,2008,0.4910163756982756,0.4911856994087884
39049,2012,0.505466026626137,0.5056430052673022
39049,2016,0.5026374120904737,0.5028195973188758
39057,2008,0.5264502809992586,0.5266613208096373
39057,2012,0.5302928646756284,0.5304506825468422
39057,2016,0.5446907161689426,0.5448541674858518
39061,2008,0.5205661843322398,0.5207461977297498
39061,2012,0.5392756709725277,0.5394912374318892
39061,2016,0.529383029765367,0.529613046201348
39089,2008,0.46559650311993117,0.4657983758061732
39089,2012,0.48264399764679733,0.48281667841723674
39089,2016,0.5166782464799887,0.516854228800554
39093,2008,0.48844546027278835,0.4886826896900516
39093,2012,0.5010597013522703,0.5012112531633193
39093,2016,0.4858144820433409,0.4860874078233337
39103,2008,0.504478099429163,0.5046850537624152
39103,2012,0.48343702158608803,0.48355973407126385
39103,2016,0.4919209075366969,0.49210006647504656
39113,2008,0.4900078286021957,0.4902113125517644
39113,2012,0.5028883348425137,0.5030544826094001
39113,2016,0.5027430322331301,0.5029508438785797
39133,2008,0.52610738019809,0.5262922438972737
39133,2012,0.5076227750770377,0.5078056112277807
39133,2016,0.54842992969353,0.5486439426412915
39139,2008,0.5014830244783754,0.5018010724719204
39139,2012,0.45277183914004915,0.4530042856517298
39139,2016,0.4637840887940551,0.4640760173132037
39153,2008,0.5094180899738376,0.5096131025978821
39153,2012,0.5090824422640328,0.5092975594236577
39153,2016,0.503530623333166,0.5037402780432103
39165,2008,0.5065924277098093,0.5067738032299189
39165,2012,0.5116708422713774,0.5117974290092775
39165,2016,0.5145598424673066,0.5147031385407672
39169,2008,0.4463262160695183,0.44655277554312534
39169,2012,0.45819334919232557,0.4583837574076597
39169,2016,0.4689509240366583,0.4691355005386413
41017,2008,0.49062715156706027,0.49082459562842473
41017,2012,0.49700259716079265,0.4971391700614163
41017,2016,0.5047373233332965,0.5049120336805402
41019,2008,0.454438972874884,0.45468065117239576
41019,2012,0.4725901734782322,0.4727863408899111
41019,2016,0.4952838426246181,0.4955412613289525
41029,2008,0.49585539836356896,0.496107794302759
41029,2012,0.5120523193728823,0.5122100191963455
41029,2016,0.5148812542855496,0.5151417845513038
41039,2008,0.4890250621836211,0.4892914946037763
41039,2012,0.5120042980855715,0.512248756322947
41039,2016,0.49788550395151554,0.49815265302174794
41047,2008,0.49384321550856136,0.49406449710903644
41047,2012,0.4746395829176935,0.4748180819043455
41047,2016,0.4856106182744603,0.48582046139858903
42003,2008,0.5186211209429219,0.5188145005022307
42003,2012,0.5074040713687207,0.5076072560163993
42003,2016,0.5103870813932398,0.5105569390229903
42011,2008,0.47662659864339996,0.4768302514100924
42011,2012,0.4946250848856074,0.49486102695595946
42011,2016,0.5008522082484614,0.5011003513759533
42017,2008,0.5081680105383857,0.5083165060543706
42017,2012,0.5230146045259267,0.523151918387839
42017,2016,0.5245824360085218,0.5247500747851745
42019,2008,0.5092283319234472,0.5094087402105174
42019,2012,0.5045377272047824,0.5047034324452397
42019,2016,0.5093887871733946,0.5095756136369687
42027,2008,0.5723834760154557,0.572660205246251
42027,2012,0.5465323345612467,0.5467504021580964
42027,2016,0.575732106612443,0.5759115173732425
42029,2008,0.5464662237749759,0.546638191486295
42029,2012,0.5493196643085937,0.5495244931272509
42029,2016,0.5434689187898307,0.5436729279917927
42043,2008,0.48581179355702453,0.4860234457983097
42043,2012,0.4736023854857906,0.47377782837111226
42043,2016,0.49057192211440237,0.4907148608881471
42045,2008,0.5355587430574453,0.5357569313946442
42045,2012,0.5317672895555507,0.5319522678960311
42045,2016,0.5300786620946667,0.5302753529002757
42049,2008,0.5158749546266064,0.5160855707739529
42049,2012,0.5036396009704038,0.5038327184272475
42049,2016,0.4877520796621907,0.48799529657696894
42051,2008,0.461820092778906,0.4620398311244287
42051,2012,0.4768302143060036,0.4770299865859329
42051,2016,0.4674235626268384,0.46765514651826834
42071,2008,0.48727176560866436,0.48750865808426624
42071,2012,0.4762412328315144,0.4764918694172593
42071,2016,0.49694403192907965,0.49717535478055197
42075,2008,0.42503660524491593,0.4252408745266223
42075,2012,0.4762645885384862,0.47645795130662805
42075,2016,0.45327840596324653,0.4535430460869634
42085,2008,0.4631311916393337,0.4633779431823086
42085,2012,0.4717878848598326,0.4719845588767839
42085,2016,0.48617824625481487,0.48643273756090366
42089,2008,0.47659393136618966,0.4767637074761808
42089,2012,0.4950755081376642,0.4952180351812956
42089,2016,0.4741845532105151,0.47436987052353174
42091,2008,0.5224077068008204,0.5226176194763639
42091,2012,0.5332019025220495,0.5334078957421298
42091,2016,0.5287402613820715,0.5289037020309024
42101,2008,0.5011017980846817,0.5013711398157739
42101,2012,0.5197209359134304,0.5199788547722619
42101,2016,0.5147900168366764,0.5150406501004454
42107,2008,0.4584337132242329,0.4586998462698375
42107,2012,0.4457239715635509,0.4458995656327147
42107,2016,0.43691377310259005,0.4371891753631303
42129,2008,0.5005178092313124,0.5007834641131694
42129,2012,0.48350250872895306,0.4837053758561751
42129,2016,0.490009844139527,0.490250125163584
42133,2008,0.47873773653967155,0.47894885569292
42133,2012,0.4823135274493212,0.4824867810671094
42133,2016,0.46579814994831625,0.4660065171902943
44003,2008,0.4699268469197725,0.4701125320651727
44003,2012,0.4799463685906866,0.480144439940716
44003,2016,0.5104601697216881,0.5107264183899929
44007,2008,0.4974371022078823,0.4977124983141721
44007,2012,0.4986441007189161,0.498817290712509
44007,2016,0.4990495184333832,0.49923842515681827
44009,2008,0.5166332491571028,0.5167953606426465
44009,2012,0.5020852314269395,0.5022321303788999
44009,2016,0.5261256948403201,0.5263407728836285
45007,2008,0.4882868381947847,0.4884466284700011
45007,2012,0.4830264583438185,0.48324863093023396
45007,2016,0.4915874220931493,0.49174310484892203
45051,2008,0.48550824434171924,0.4856844190651941
45051,2012,0.48507737859056554,0.48529456595616693
45051,2016,0.4888006340760057,0.4890038199627611
45083,2008,0.497906774398964,0.49820024990469847
45083,2012,0.4671832780427828,0.46737247414023386
45083,2016,0.4920627255689223,0.49230465900603804
45091,2008,0.49813036092666785,0.49829734929647884
45091,2012,0.5085496567364679,0.5086936156759521
45091,2016,0.5140616761901206,0.5142565634147331
47009,2008,0.4912032607764919,0.49149874769705093
47009,2012,0.43778322277823833,0.4379829844425558
47009,2016,0.4720439924015273,0.47229305231712715
47037,2008,0.5321479942650751,0.5323544546977246
47037,2012,0.5083750149386107,0.508562070347125
47037,2016,0.5267464471278026,0.5270191316785713
47149,2008,0.4565051358076938,0.45673428101537183
47149,2012,0.47913070920260825,0.47928540859476243
47149,2016,0.4660775761110174,0.4662716692271829
47157,2008,0.5453374092016374,0.5455800627437384
47157,2012,0.5247646050835479,0.5249523014470014
47157,2016,0.525154982643304,0.5253824967159062
47179,2008,0.5442226738861389,0.5444663877408971
47179,2012,0.537485916579125,0.5376617821069516
47179,2016,0.5155567648665071,0.515752659858947
47187,2008,0.5519295429355695,0.5521400129446192
47187,2012,0.5689493675435976,0.5690950244414239
47187,2016,0.5573036238279396,0.5574642676465373
48029,2008,0.5130611616352136,0.5133152285773122
48029,2012,0.5203650609960464,0.5205646926365262
48029,2016,0.5119388601185931,0.5121849674028454
48039,2008,0.486604400149214,0.4868087020607845
48039,2012,0.484969415420459,0.48506956429685033
48039,2016,0.4729802436665871,0.47312438867857054
48041,2008,0.5834791250059229,0.5838128347176337
48041,2012,0.5845368105368602,0.5847541016963476
48041,2016,0.5875521064740904,0.5878171935281955
48061,2008,0.5014333040408696,0.5017361427816809
48061,2012,0.5044213712740548,0.5047233954342687
48061,2016,0.49621775989486905,0.4965478228631923
48085,2008,0.5126911609533981,0.51289069736697
48085,2012,0.5160072122791424,0.5161592122536831
48085,2016,0.5076143876429317,0.5077694802837414
48113,2008,0.5297263081858665,0.5299477292469419
48113,2012,0.5195106817978282,0.5197208651652545
48113,2016,0.5213421061905557,0.5215876562569974
48121,2008,0.5127074539283745,0.5128930030508627
48121,2012,0.5009268780889686,0.5010777899396999
48121,2016,0.5225697809672535,0.5227321341806146
48135,2008,0.5430789174892726,0.543301585417737
48135,2012,0.48394216032384363,0.48414710463984534
48135,2016,0.5211352799216487,0.5214176971848303
48141,2008,0.5205290540173486,0.5208252798786361
48141,2012,0.5312946398264102,0.5315405000958435
48141,2016,0.4992989639415242,0.49955918694877255
48139,2008,0.4754461780110333,0.4756352005552742
48139,2012,0.46457450318735627,0.46479693792005605
48139,2016,0.4817166122606926,0.4819703046125312
48157,2008,0.522153864011093,0.5223084233924737
48157,2012,0.5256199062866136,0.525762700642872
48157,2016,0.5485990345760356,0.5488017659642992
48167,2008,0.5148062474865178,0.5149996268658015
48167,2012,0.5141345176196901,0.5143254616904755
48167,2016,0.5195975284437653,0.5197495500518698
48201,2008,0.533490209404598,0.5337010833409295
48201,2012,0.54573154519946665,0.5459608655041848
48201,2016,0.5424416169252483,0.5426698368837606
48215,2008,0.5405916425735009,0.5409213138532323
48215,2012,0.5390128445341985,0.5393541489877407
48215,2016,0.5259606027285184,0.5262563074330728
48245,2008,0.4928021269493411,0.49298584129763867
48245,2012,0.5185323495483193,0.5187625240753277
48245,2016,0.5111484275604479,0.5113807896460116
48251,2008,0.4790372758312841,0.4793158175590122
48251,2012,0.45546740249717355,0.45566391431148645
48251,2016,0.47018342943377844,0.4704721801327878
48303,2008,0.5248018704367053,0.5250868740313877
48303,2012,0.5317338982891499,0.5319988810156815
48303,2016,0.5424264005540886,0.5427187652898056
48309,2008,0.518137787564712,0.5184126193634597
48309,2012,0.5106411499307966,0.5108268078502078
48309,2016,0.5130301927071399,0.5132661550582611
48329,2008,0.5344925655121182,0.5346983037115933
48329,2012,0.5427146533284335,0.5428853108497549
48329,2016,0.5144311958241432,0.5146156950339673
48375,2008,0.5043641165884305,0.50464419361330215
48375,2012,0.47921018843288044,0.47947275982875226
48375,2016,0.5005616348884439,0.5007693027520759
48381,2008,0.5389178395648611,0.5392467216200032
48381,2012,0.4852431756442781,0.4854368344730915
48381,2016,0.5066756951068965,0.5069346949179305
48423,2008,0.5084421537960488,0.5086836675394011
48423,2012,0.5148202017928751,0.5149575129052835
48423,2016,0.5001691607504442,0.5004521495698668
48441,2008,0.5124296484318706,0.5126567226836869
48441,2012,0.5443411098723145,0.5446205951218417
48441,2016,0.4914455196754508,0.49178839471574065
48479,2008,0.5007005221328211,0.5009642212168899
48479,2012,0.49372813331645904,0.4939745529239872
48479,2016,0.5178318933494366,0.5181162225891853
48485,2008,0.48846230303461813,0.48879796597111635
48485,2012,0.4791763422502152,0.47946112225969273
48485,2016,0.49125889202388584,0.4915785010468028
48491,2008,0.4798558344155819,0.48008130443804475
48491,2012,0.4680218396241126,0.46819450209511615
48491,2016,0.49873570781011856,0.49890906523319245
49011,2008,0.5107331983302725,0.5108602170080871
49011,2012,0.4967250269672032,0.49687894948999656
49011,2016,0.5176012257744386,0.5177552688787728
49035,2008,0.5012129418638149,0.5014025718235189
49035,2012,0.511183957735468,0.5114139582306052
49035,2016,0.5069570929231138,0.5071377264323473
49049,2008,0.5587382828142143,0.5590283979578317
49049,2012,0.5384486740288794,0.5386364645191861
49049,2016,0.5649889253430722,0.5652041838567357
49057,2008,0.48523267824838423,0.4854888735685563
49057,2012,0.4640156880241719,0.46421871701591044
49057,2016,0.47744494504413826,0.4777244210170579
51510,2008,0.49680677316415756,0.4969407546179525
51510,2012,0.47205432051895135,0.4721746724727609
51510,2016,0.49766792167561924,0.4978488427215666
51013,2008,0.4845791018210672,0.4847251480388195
51013,2012,0.49055259177115607,0.49068520938226357
51013,2016,0.496688198608513,0.49683578692156516
51550,2008,0.4781970620349554,0.4784682857181224
51550,2012,0.49344321142558467,0.49371791301672374
51550,2016,0.48440211793024524,0.48462902900473637
51041,2008,0.485915536696812,0.4861163128998669
51041,2012,0.48760426916364985,0.4878066979492246
51041,2016,0.49187998470240835,0.49217206305587524
51650,2008,0.42254871801928284,0.4226607466114274
51650,2012,0.4834637534595613,0.48371553882114426
51650,2016,0.46964953630333506,0.4699333828997112
51087,2008,0.49066236921127604,0.49085527304487186
51087,2012,0.5094695076746546,0.5096214996333401
51087,2016,0.5379782470952771,0.5381875922344648
51700,2008,0.4639135135230392,0.46414438196114816
51700,2012,0.45202778074163474,0.4523266750598509
51700,2016,0.4808433410969697,0.48112149894393497
51760,2008,0.5639167532930547,0.5642528305402266
51760,2012,0.5486805334039874,0.5489918089069761
51760,2016,0.5485704154332773,0.5488761811133713
51810,2008,0.48910043954060267,0.48932894377765024
51810,2012,0.47816838357664015,0.47837812596924323
51810,2016,0.48766982240295575,0.4879007181822317
53011,2008,0.46688551836831615,0.4670875350298047
53011,2012,0.4971921790628432,0.4974285870987387
53011,2016,0.4940647391656777,0.4942631152185868
53033,2008,0.5180825043243009,0.5182844456321618
53033,2012,0.520807596293035,0.5209750916724261
53033,2016,0.5304010951861631,0.5305855612609776
53035,2008,0.49527281378373034,0.4955218990630783
53035,2012,0.48358163661278153,0.48372715866230465
53035,2016,0.49208737681418835,0.4923038677575846
53053,2008,0.46745027266381756,0.46767457680311963
53053,2012,0.4720242662176338,0.4722272326625898
53053,2016,0.47783360705648426,0.4780591173962421
53061,2008,0.46049955497701534,0.4607297121509646
53061,2012,0.4761851014841211,0.4763612059745128
53061,2016,0.49215067390301537,0.4923082347199852
53063,2008,0.5052501726638252,0.505475697928091
53063,2012,0.49792878968422993,0.49817073298470405
53063,2016,0.5071081164520921,0.5073671206814652
53067,2008,0.4553004948553805,0.4555009333919884
53067,2012,0.4689981687750109,0.4692224655884729
53067,2016,0.4643499595260463,0.4645392624112219
53073,2008,0.5048337810354107,0.5050833308396818
53073,2012,0.5317952985433148,0.5320123581626035
53073,2016,0.5130915321009286,0.5133221615084267
53077,2008,0.4691872062453636,0.4694480795847653
53077,2012,0.48374221088860325,0.48399225489890796
53077,2016,0.47990918708300245,0.48022310691800385
55009,2008,0.4711762285447998,0.4713518553851941
55009,2012,0.5115069635726761,0.5116680611094466
55009,2016,0.4959778765613183,0.4963141753253808
55025,2008,0.5000745327963372,0.5003113997536275
55025,2012,0.5035985397015565,0.5037641696937953
55025,2016,0.5137019920066341,0.513978161801333
55059,2008,0.4654815993030297,0.46571832370537436
55059,2012,0.4780821431151977,0.4782351970972343
55059,2016,0.493415273046218,0.4937304619384406
55063,2008,0.48844676869674564,0.4887200361186501
55063,2012,0.48134643599426297,0.48155044049940443
55063,2016,0.48166526693729206,0.4818808491385198
55073,2008,0.43555236047066825,0.4357579528713984
55073,2012,0.4673814924814469,0.4675424414004681
55073,2016,0.4781197321631828,0.4783473523946782
55101,2008,0.5019354201183599,0.5021351615688161
55101,2012,0.44725401750113725,0.4474349039004437
55101,2016,0.48950293379613175,0.48966458012654357
55105,2008,0.4526826249040906,0.45295244801670265
55105,2012,0.44255605069281556,0.44274052231750716
55105,2016,0.4997615319507478,0.49992834027699473
55117,2008,0.41644408600040217,0.4166302304962244
55117,2012,0.4656439212642408,0.46582555792465996
55117,2016,0.4288436606920475,0.4290624221812891
