year,state,statefip,poptotal,pop16o,popu18,pop25o,pop324,pop60o,popnc,popnc18o,pophh,popinst,popogq,popmetro,malepop,femalepop,whitepop,blackpop,hisppop,aapipop,aianpop,multipop,otherpop,enroll,nohs,hsplus,bacc,grad,empop,unempop,cnoninst,hcnone,hcpub,hcpvt,earnmed,earnpc,incmed,incpc
2008,Alabama,1,4661900,3671534,1123670,3072572,1408153,887771,90863,78105,4541656,67953,52291,3147101,2258931,2402969,3183788,1222202,128586,46143,22780,55022,36960,1066244,1766407,2182115,473910,239468,2095684,164305,3552341,635321,1428177,2598402,27905.000000000004,38685.51998403029,24333.160000000003,36057.70818999719
2012,Alabama,1,4822023,3823733,1125653,3211297,1436260,983939,105879,95734,4707169,67094,47760,3128782,2332059,2489964,3213709,1269287,185188,59291,24302,67118,54484,1091291,1716992,2319703,502239,283089,2020208,223581,3710068,659052,1651986,2510985,27169.999999999996,38085.59221365044,22363,34490.77392416158
2016,Alabama,1,4863300,3901451,1098459,3299890,1392499,1084425,95945,89229,4743641,67402,52257,3187970,2360498,2502802,3196086,1302011,198993,60678,21751,77872,72048,1067978,1658832,2352613,539439,312416,2098516,143513,3782740,472355,1790409,2600536,28000,40253.285781780905,24000,37022.85648894404
2008,Alaska,2,686293,528553,179234,425305,228451,79013,17840,16644,664877,5635,15781,279421,357554,328739,453479,21652,37420,36743,89421,45985,9089,163032,228224,338008,78686,41375,360020,28371,507528,132966,148167,405160,33486,47375.93538987034,33486,47151.591771230356
2012,Alaska,2,731449,567862,184564,466051,234814,101834,23166,19298,704798,6634,20017,298751,383447,348002,461897,26544,43659,48409,102199,48699,6424,166830,232039,362143,83985,53282,362983,31690,541323,148410,179453,403586,34067,46749.69575933328,31349.999999999996,44493.32347254218
2016,Alaska,2,741894,571641,187970,477768,233254,116219,21334,19650,714068,7492,20334,298193,390199,351695,454442,21344,51244,52674,111671,47804,12852,161979,232819,362516,93891,52668,367079,30934,544231,106662,227776,407456,36000,48425.93812124021,33600,46788.968795592504
2008,Arizona,4,6500180,4957583,1723615,4186386,1998264,1176631,656920,578949,6381018,73339,45823,5289440,3258698,3241482,3772865,225118,1964625,157931,269670,100176,443641,1468247,2529605,2878974,704833,386768,2967018,195149,4840159,1190697,1994196,3315287,31923.320000000003,43228.51692505807,28351.480000000003,41803.60591650344
2012,Arizona,4,6553255,5110816,1619974,4288994,2008306,1338520,539317,496356,6403988,90547,58720,5858589,3260107,3293148,3731418,262555,1977233,196608,259655,119206,422934,1501842,2338342,2990097,782583,442233,2769908,301885,4962832,1181974,2238591,3132690,29782.499999999996,41044.395509324764,26125,38654.843009521515
2016,Arizona,4,6931071,5486610,1628320,4632074,2050869,1589519,541575,502315,6774192,88841,68038,6238503,3445094,3485977,3835930,285723,2145655,227172,272756,154430,589479,1538638,2338135,3210083,880988,501865,3038304,214733,5330592,732294,2751426,3447351,30000,42963.94180400897,27000,40891.794017782486
2008,Arkansas,5,2855390,2238690,699176,1873421,869678,569885,69557,61579,2774832,47139,33419,1234562,1398559,1456831,2156502,443661,155309,31690,15874,50119,61721,645505,1083984,1399607,250463,121336,1275388,90231,2158910,497449,1001434,1356507,26119.08,35452.84424644487,22324,33088.56047595751
2012,Arkansas,5,2949131,2313755,710185,1948872,885594,611247,85596,76734,2867836,47625,33670,1322504,1447681,1501450,2182104,459526,197146,41820,14439,52984,53894,663812,1041290,1476256,286509,145076,1254900,122177,2234337,488637,1088442,1372052,26125,35520.38167252316,22258.5,32662.26970256732
2016,Arkansas,5,2988248,2360209,705780,1990062,886201,670061,89173,82868,2903173,49461,35614,1382970,1470739,1517509,2174281,467540,214942,47983,17554,63568,87470,673170,1027013,1498570,298164,164501,1297197,70034,2276359,255262,1294278,1438708,28000,38788.36560528427,24000,35252.71200929182
2008,California,6,36756666,28525337,9348981,23540945,11595940,5742817,5477903,4988564,35890478,430236,435952,35420070,18383499,18373167,15452381,2191268,13434896,4601761,158668,805226,5219776,9003943,14628735,14838172,4730310,2559449,17289071,1393549,27673014,6440862,9926927,20388877,33486,50486.84114149104,29914.160000000003,48375.66157538492
2012,California,6,38041430,29888076,9229544,24782263,11802809,6580287,5388411,4991008,37225859,377756,437815,37071327,18910864,19130566,14904694,2150597,14539578,5157728,145524,1060400,4916844,9253093,14373632,15634047,5219569,2814182,16944551,2139341,29086351,6828822,11640251,19572357,31349.999999999996,47929.632364463556,26229.5,44961.97034635346
2016,California,6,39250017,31189483,9088650,26310755,11494533,7564855,5309449,4949232,38436448,360810,452759,38274711,19497412,19752605,14728382,2162764,15280629,5629487,126998,1217211,5667193,9055469,14110071,16077128,5802253,3260565,18472665,1271540,30383009,2962968,15307857,20979192,33000,52482.810141762486,30000,49340.024260499005
2008,Colorado,8,4939456,3868059,1206433,3264004,1467102,754394,339051,297322,4830150,59041,50265,4061157,2487828,2451628,3500684,171260,993198,133977,32809,98273,226645,1118415,1646797,2083509,796819,412331,2615787,131009,3760166,823365,1031412,3084679,33486,46715.49549372602,32258.180000000004,46715.507539427555
2012,Colorado,8,5187582,4087506,1231159,3445907,1541813,900909,309864,276668,5071158,60297,56127,3931024,2604887,2582695,3601669,202818,1088145,152699,29587,105827,226506,1190324,1629725,2207086,869916,480855,2606199,214883,3972715,751421,1384390,3051771,31349.999999999996,45529.462694488815,30304.999999999996,44430.72362080928
2016,Colorado,8,5540545,4417791,1259927,3743681,1597503,1072282,324935,298139,5422420,57918,60207,4222961,2790068,2750477,3798024,221204,1180593,178173,26386,130082,225341,1201855,1645417,2336909,987059,571160,2855778,140303,4300380,441724,1821954,3276867,35000,49004.75283957272,32000,47979.83451078809
2008,Connecticut,9,3501252,2786165,812037,2359593,1017319,666519,253885,231466,3388234,54538,58480,2452956,1709294,1791958,2578281,314182,424191,119313,6293,47930,160526,826485,1117219,1497855,525048,361130,1802743,122606,2674172,311446,908271,2281535,40183.200000000004,58956.98178683884,35718.4,56513.76996825799
2012,Connecticut,9,3590347,2892949,793378,2456135,1021531,746811,257427,235372,3473730,47336,69281,3403209,1746365,1843982,2514031,343281,510514,147506,5825,59024,167123,836666,1080524,1553261,545336,411226,1768753,195297,2777666,333400,1118158,2138789,37620,56493.38219881364,33053.35,52977.592321203534
2016,Connecticut,9,3576452,2921706,748701,2470018,1002234,816300,246124,221949,3461496,43285,71671,3394296,1745910,1830542,2411546,358403,560669,161037,4795,67292,172626,809238,1008054,1552682,597887,417829,1830584,123071,2806880,172643,1261036,2142773,40000,58709.903718670044,35000,55463.13365004302
2008,Delaware,10,873092,689601,207359,576866,260404,171384,44159,37023,848985,11187,12920,684917,422658,450434,591642,175526,62506,24285,2755,15406,17242,201134,298517,413041,98080,63454,429780,31968,665502,93718,252627,526747,33486,45851.75268047476,31700.08,44813.88716885709
2012,Delaware,10,917092,734471,204974,617457,265112,196106,40822,37145,891972,11556,13564,917092,445911,471181,590054,190675,78597,30122,2218,22138,22575,205574,293099,430306,123971,69716,431975,38753,709686,82346,327119,507627,32394.999999999996,42968.82825220755,29259.999999999996,41157.94242604031
2016,Delaware,10,952065,770851,204214,663785,255425,227680,45616,42908,927006,11599,13460,952065,458594,493471,596681,200630,86907,38495,2863,24622,17267,203052,285104,447871,136643,82447,445316,26857,746728,59417,345363,547285,35000,47522.476421142615,31000,44736.646391353315
2008,District of Columbia,11,591833,493506,111985,403076,166410,99756,52386,50572,556627,7975,27231,591833,279836,311997,194484,312228,51260,19389,1717,10640,18561,127303,179361,200062,101809,110601,309109,24105,458578,42703,198350,350780,44648,64935.57715621926,39067,62322.30587256934
2012,District of Columbia,11,632323,533506,109354,440853,168732,103698,54949,50440,592131,7548,32644,632323,298252,334071,222581,309235,63098,22169,1633,11793,29910,126253,167285,208333,123099,133606,331030,37417,493497,34960,224977,372386,47025,67187.84043104945,40755,62243.87095115304
2016,District of Columbia,11,681170,570679,120453,479160,176426,112423,49939,45940,641401,6857,32912,681170,323160,358010,247757,316344,74277,26159,848,14271,36727,138722,175023,213439,132418,160290,366706,26438,531025,27682,249893,403595,50000,70058.34346880193,41900,66973.17129112754
2008,Florida,12,18328340,14784117,4008967,12706706,4942568,4210088,1798991,1625514,17902549,271308,154483,16879004,8996694,9331646,11011540,2721974,3846267,421372,37220,237443,478967,3773557,6152115,8776675,2244640,1154910,8458025,682312,14362831,3796594,5336746,9195000,30137.4,42605.923747584835,27905.000000000004,41178.425853427696
2012,Florida,12,19317568,15782560,3997922,13504989,5188797,4689697,1841271,1679373,18892438,254596,170534,17796944,9445180,9872388,10969901,2974960,4484248,488492,40922,314577,456337,4023447,6097379,9461035,2464277,1294877,8346469,1085240,15364717,3923561,6702289,8691718,27169.999999999996,39559.057103999665,24453,37592.980374807965
2016,Florida,12,20612439,16956334,4142576,14696192,5251461,5394597,1900973,1733625,20178722,254691,179026,19016790,10072621,10539818,11267674,3166600,5127849,555966,37638,393258,574730,4069694,6247436,9999498,2823112,1542393,9278473,593432,16525649,2677428,7740615,10194396,29000,42137.6365613528,25000,39935.272307847124
2008,Georgia,13,9685744,7423998,2548740,6193117,3060884,1426797,605494,531322,9415488,148570,121686,6591212,4767674,4918070,5620121,2848804,780408,277831,16377,111918,353422,2331582,3738596,4182371,1158895,605882,4621622,346215,7155569,1831545,2411484,5442715,32369.800000000003,44623.97731563931,28128.24,42406.0759670446
2012,Georgia,13,9919945,7690699,2490232,6411095,3130608,1660250,588853,534231,9655318,147961,116666,6933619,4851227,5068718,5461483,3019232,903300,337086,18058,160383,292502,2429305,3615906,4414804,1218556,670679,4313417,517409,7427326,1897637,2846468,5175840,29259.999999999996,41803.67418442072,25498,38862.78132466852
2016,Georgia,13,10310371,8084137,2511414,6784187,3140567,1937464,607470,557471,10053466,137873,119032,7296748,5014850,5295521,5483285,3205474,962360,398939,17272,208035,295656,2438209,3580893,4563343,1366927,799208,4777802,302457,7828484,1385074,3222519,5702778,30000,44401.014150982075,27000,41618.39287813189
2008,Hawaii,15,1288198,1035638,285838,865547,373696,258932,106604,92727,1253999,7729,26470,904691,649535,638663,316563,32119,108663,588436,1772,239757,15154,265415,380067,644806,177054,86271,672355,27201,1001466,81314,325297,881587,35160.3,45349.124396422376,33486,44181.709265140686
2012,Hawaii,15,1392313,1123612,301575,953569,384582,299669,109902,101857,1348497,11718,32098,976500,704518,687795,317230,22948,131269,641202,2438,273309,15240,279558,405788,688579,199014,98932,686513,50454,1080383,92415,435754,864144,31349.999999999996,41683.58881968174,30722.999999999996,41088.547669021864
2016,Hawaii,15,1428557,1152934,306799,993652,379974,337837,114816,103676,1384270,11470,32817,992811,719511,709046,316084,22773,148706,646326,2241,289855,13983,274472,390553,695572,231807,110625,726915,30253,1109356,51270,476576,900711,35000,46629.85673810014,32200,45743.515275124235
2008,Idaho,16,1523816,1156046,413541,958338,487174,252920,59693,51570,1489274,20212,14330,564878,766322,757494,1291988,8513,159257,18460,14022,31131,25732,357152,547461,735205,169837,71313,732029,43677,1121937,263511,374546,885759,27905.000000000004,36992.84745146979,25672.600000000002,36317.28667478213
2012,Idaho,16,1595728,1217354,424523,1011961,519281,310067,55205,51636,1566205,17288,12235,803224,796545,799183,1331443,7135,183924,21184,15396,34210,40928,393489,548490,776841,182162,88235,714479,59833,1188279,261070,475770,858888,25080,34670.7068909015,23408,34100.17484564878
2016,Idaho,16,1683140,1293246,436911,1086398,530422,360495,59281,56094,1653088,17181,12871,852685,838762,844378,1387525,9130,206444,26368,19625,33403,68188,403205,555454,820646,212017,95023,760871,37250,1264022,179350,541556,962234,26400,38409.7328292273,25000,37092.38058860883
2008,Illinois,17,12901564,10093524,3179772,8395661,3977036,2176196,992979,903051,12556223,171416,173925,10727149,6353690,6547874,8314807,1852585,1961843,562231,14673,159657,829255,3140814,4558926,5688166,1707627,946845,6346407,465818,9751008,1623519,3507935,7770110,33486,47529.72539090761,30360.640000000003,45535.72768390284
2012,Illinois,17,12875255,10178073,3059501,8560979,3846189,2412157,958668,886075,12576282,159994,138979,10799299,6308727,6566528,8092388,1829371,2099195,607263,13085,216340,732723,3046736,4281822,5751011,1819907,1022515,6040124,693688,9881357,1692692,3956446,7226117,31349.999999999996,46032.37897630893,28214.999999999996,43392.40663108848
2016,Illinois,17,12801539,10226424,2920404,8672078,3671224,2671810,891077,831374,12500720,161857,138962,10768933,6284067,6517472,7889202,1796246,2178129,675196,13499,231820,830332,2919453,4033195,5663347,1974445,1130552,6251890,420589,9927335,848701,4440620,7512218,34000,49601.42628397561,30000,46607.50951656426
2008,Indiana,18,6376792,4974949,1582720,4178102,1935606,1135339,163264,144509,6188016,100139,88637,4588281,3136083,3240709,5301285,544220,322148,88562,13472,97791,127589,1479020,2280642,3082180,671766,342204,3084105,235543,4789230,860866,1686694,3829232,30472.260000000002,39713.97442104459,27905.000000000004,37956.15288976656
2012,Indiana,18,6537334,5123411,1589634,4283612,2001766,1270799,196765,177761,6348960,96474,91900,4504977,3220996,3316338,5289582,589733,408748,109585,11740,116121,164132,1544557,2244240,3237782,694813,360499,3008490,289635,4936969,969043,1945167,3623124,28214.999999999996,37882.851972785305,25916,35839.80061238913
2016,Indiana,18,6633053,5237473,1575217,4391185,2000454,1406292,210241,188459,6446001,94669,92383,4606563,3262640,3370413,5275941,606099,448163,145213,14128,134723,151938,1526892,2191181,3244938,785099,411835,3181991,162791,5052650,551736,2226332,3854985,30000,41104.28855795338,27000,38774.096365645724
2008,Iowa,19,3002557,2381888,704673,1972195,909765,592815,70470,60259,2896874,48072,57611,1157282,1480465,1522092,2702312,82197,124030,48024,5018,37150,42642,698722,931155,1557776,365496,148130,1618568,61995,2277518,252917,831776,1917864,29021.2,37574.477979033094,27905.000000000004,37375.53946883907
2012,Iowa,19,3074186,2433643,721858,2038022,919024,658104,82539,72874,2973894,43587,56705,1271938,1524204,1549982,2704349,90395,160566,57693,4683,52943,33594,715559,915879,1577375,407909,173023,1565659,80622,2334545,260983,958225,1854978,31245.499999999996,38902.91574236152,27796.999999999996,38043.30832718053
2016,Iowa,19,3134693,2491290,723558,2088992,927992,718119,98058,86075,3034177,41652,58864,1336817,1556308,1578385,2710375,104992,179066,79292,9290,49709,44456,722181,930978,1563066,440480,200169,1612886,63229,2392096,130174,1116113,1888406,32000,41854.651076779184,30000,40935.79973515989
2008,Kansas,20,2802134,2184937,691285,1813652,869707,506310,109411,98958,2719982,45029,37123,1588754,1389340,1412794,2244209,152255,268964,58846,17230,57988,75300,666865,923861,1311333,388682,178258,1475569,65157,2104688,337265,689192,1775677,30137.4,40748.85010466714,28686.340000000004,40313.0346613748
2012,Kansas,20,2885905,2244307,719066,1867004,906052,549163,117387,106972,2806773,41518,37614,1539467,1437821,1448084,2236188,164111,315309,71659,25658,72632,59002,708332,944284,1354932,380894,205795,1410988,96039,2165933,373659,792218,1720028,29259.999999999996,40004.83739510124,27169.999999999996,38816.84649646393
2016,Kansas,20,2907289,2273481,714300,1893041,899652,614500,128738,119260,2828247,41418,37624,1583357,1448028,1459261,2217370,169163,337486,78289,18430,84541,72564,685496,925611,1324207,423196,234275,1448581,66294,2195643,249776,852875,1804638,30000,41578.943423779354,29200,40725.65480726687
2008,Kentucky,21,4269245,3382626,1004459,2879690,1219454,790521,77006,66675,4154217,62126,52902,1255777,2086782,2182463,3745820,317854,100366,42959,5487,52823,36674,918646,1605356,2079706,360400,223783,1925607,137359,3269987,570377,1355497,2343371,27905.000000000004,37826.66100661918,23886.68,34847.46141216757
2012,Kentucky,21,4380415,3475203,1015554,2939633,1284005,876659,87777,73979,4254548,70786,55081,1789170,2154829,2225586,3759752,348596,133726,57613,6988,68599,37098,969326,1550813,2163783,410200,255619,1888962,197408,3350125,618105,1471480,2290830,27169.999999999996,37213.02043883496,22885.5,33443.17223538766
2016,Kentucky,21,4436974,3544659,1011308,2994835,1283691,968926,89849,79086,4305726,68488,62760,1847137,2179554,2257420,3765605,365013,151891,63369,9598,75941,34496,969753,1502797,2198013,452179,283985,1973971,120825,3414345,244954,1920313,2271707,30000,39839.34425324879,25000,36591.03508357098
2008,Louisiana,22,4410796,3441791,1099732,2841324,1386710,773192,71584,64568,4287760,81427,41609,2963564,2139611,2271185,2728539,1391721,152781,64429,21581,44231,43209,1047221,1732184,2069896,426037,182679,2016300,127754,3319487,778378,1410889,2221529,28128.24,40479.729741836745,24556.4,37494.25413836189
2012,Louisiana,22,4601893,3602353,1117864,3008114,1413627,857782,97765,91612,4474264,88107,39522,3077609,2247571,2354322,2750937,1474608,207131,74427,20901,63857,41653,1076455,1709888,2187599,473471,230935,2019415,193854,3475503,799382,1613806,2188705,28841.999999999996,40132.38785664169,23721.5,36825.76320275827
2016,Louisiana,22,4681666,3689060,1117130,3117540,1377545,960040,109626,96064,4553054,88238,40374,3152745,2291460,2390206,2755796,1510134,230625,77897,24697,76752,68274,1060134,1681743,2242275,499511,258137,2040593,153883,3561806,515662,1848542,2317462,30000,42393.333163545336,24110,38144.95485187565
2008,Maine,23,1316456,1073940,275720,928427,343466,277993,18354,15018,1278584,13561,24311,252704,640631,675825,1254265,10467,12700,10410,6730,21731,2875,261415,383668,698220,153000,81568,663288,43269,1036166,133702,471846,710908,27905.000000000004,36167.87351105573,25672.600000000002,35109.23268291164
2012,Maine,23,1329192,1094855,267063,944440,348570,315403,21325,17916,1293661,12406,23125,779187,652461,676731,1251077,11174,20034,13026,8583,24837,1179,273087,351633,702569,185345,89645,639952,56812,1060444,138796,523329,667067,27587.999999999996,36328.31429287123,24662,34582.656264698
2016,Maine,23,1331479,1107028,256779,964124,331373,352897,22729,18203,1295587,12498,23394,788580,649456,682023,1243580,21097,20044,16412,7170,22058,2471,258945,341545,682375,196337,111222,658328,30370,1071207,105131,493735,732613,30000,39500.24349372345,26000,38058.857604881654
2008,Maryland,24,5633597,4459360,1334850,3743656,1669990,966968,386125,344927,5490748,70454,72395,4903262,2728040,2905557,3233157,1612782,372650,281921,12386,104982,138000,1282310,1849263,2384741,815541,584052,2974630,166336,4317365,623834,1302398,3707365,41299.4,54601.463647445875,37504.32,52649.95081175565
2012,Maryland,24,5884563,4696782,1342323,3975401,1698881,1104710,445602,404899,5743098,67798,73667,5408686,2847314,3037249,3165351,1695516,510448,338548,13448,150770,196218,1315171,1828113,2512345,871828,672277,2983224,265172,4556059,610018,1639066,3635479,40755,54214.19251617745,36261.5,51599.60554104885
2016,Maryland,24,6016447,4818836,1346368,4125225,1681001,1245040,455374,408082,5875912,65928,74607,5540240,2909870,3106577,3091715,1768249,586557,374981,9735,170107,230893,1313122,1809249,2513953,933413,759832,3109090,173387,4679193,379831,1918587,3718029,40000,56086.68370834875,37000,53590.880587760585
2008,Massachusetts,25,6497967,5237097,1434752,4387755,1880029,1203590,482541,437684,6254371,92531,151065,5908939,3152202,3345765,5107143,368353,556573,318794,10146,86333,258591,1508426,2003552,2711455,1064721,718239,3392741,212997,4994979,268526,1895341,4334100,39067,53601.395050130144,33486,50814.8551961259
2012,Massachusetts,25,6646144,5413466,1401515,4556265,1885523,1350818,488931,442749,6398214,75284,172646,5715992,3213719,3432425,4998767,424836,673731,385522,8134,112177,271776,1541815,1935488,2809441,1111848,789367,3329497,318557,5167489,265076,2274786,4106282,36575,52903.923885997436,31349.999999999996,49126.77347779664
2016,Massachusetts,25,6811885,5605869,1377484,4729427,1873225,1516468,531504,485644,6559299,70242,182344,5855584,3309730,3502155,4929562,461720,780931,439489,8792,136391,270041,1518075,1896035,2767301,1239739,908810,3570231,198764,5355895,172764,2539825,4099296,40000,56270.36112114413,35000,53004.305110270965
2008,Michigan,26,10003422,7910922,2395234,6618476,3008694,1808530,290969,254842,9745075,130426,127921,7798667,4918459,5084963,7754856,1368277,408695,224892,47706,187569,142266,2399790,3318019,4960466,1094734,630203,4584521,476933,7656262,1119986,2993868,5889568,30025.780000000002,41523.67657721278,27012.04,39341.07251221655
2012,Michigan,26,9883360,7898633,2264117,6620450,2928822,2057519,297225,263065,9656732,107427,119201,7201216,4851911,5031449,7527135,1383113,452141,240185,46368,221553,100485,2297738,3070772,4987872,1149574,675142,4264115,564591,7674173,1173521,3369067,5340772,27169.999999999996,39225.52742381221,25080,36727.683379352304
2016,Michigan,26,9928300,8012195,2185729,6769613,2827989,2269488,324143,285779,9697834,106313,124153,7264084,4880303,5047997,7473674,1356326,491941,293266,42829,254765,123848,2201824,2945878,4981467,1243518,757437,4611522,303604,7783680,554154,3856616,5517530,30000,42899.05254459351,26800,40056.508844899734
2008,Minnesota,27,5220393,4118652,1254350,3447676,1562449,906117,196106,168652,5076803,65732,77858,3632844,2596333,2624060,4438639,243678,217551,180949,53516,78518,59460,1206387,1607988,2459799,795840,356766,2820486,150332,3976749,442046,1279814,3498533,33486,46432.96036918953,32816.28,45303.946348201986
2012,Minnesota,27,5379139,4245104,1274719,3613615,1559912,1034574,210432,182817,5242594,56351,80194,3447372,2672520,2706619,4426818,279754,262730,228856,55851,120959,74644,1234670,1608579,2528178,855627,386755,2796212,192177,4109965,450294,1513756,3415089,33440,44996.33482433414,31349.999999999996,43101.553106307896
2016,Minnesota,27,5519952,4370454,1283431,3739904,1580790,1177063,214849,193466,5387409,55149,77394,3578717,2743121,2776831,4444642,318873,283804,268077,58774,136377,118589,1247000,1610769,2555703,917620,435860,2931212,115013,4241979,239934,1831715,3448303,35500,48448.910232088645,33300,46809.46819658558
2008,Mississippi,28,2938618,2268494,762383,1862942,949064,513333,41818,38050,2838766,55920,43932,1072538,1427843,1510775,1718147,1102220,56632,23497,12336,23594,19219,738635,1189651,1368932,250183,129852,1278629,105550,2170338,518712,974417,1445489,27458.52,36418.77653292475,22324,33443.53738485498
2012,Mississippi,28,2984926,2318525,747427,1909590,959543,571241,36277,33628,2892318,55627,36981,1020704,1441519,1543407,1717810,1124689,76139,23808,11835,28734,23058,743362,1136713,1439298,259267,149648,1204959,156787,2226977,528287,1121164,1335475,26125,35265.23020103792,20900,31769.43557538796
2016,Mississippi,28,2988726,2349115,722717,1956643,917143,632169,36214,33661,2895666,53085,39975,1045625,1439765,1548961,1697517,1132301,87130,27373,12307,29787,31893,712991,1079218,1463780,279419,166309,1239548,100818,2257059,375553,1174653,1438520,28000,37753.62104297338,22200,34336.24103886733
2008,Missouri,29,5911605,4666491,1411624,3919539,1755002,1107673,131287,111956,5742733,94671,74201,4055522,2885586,3026019,4864905,651097,182059,86760,18762,103235,50167,1335592,2038937,2832159,673999,366510,2895425,194766,4498957,745768,1701022,3464815,29021.2,40100.062392192485,26788.800000000003,38189.402618713255
2012,Missouri,29,6021988,4778269,1400984,4022517,1784762,1239564,131920,117826,5847778,93331,80879,4130950,2950923,3071065,4851605,692714,217948,104751,23913,121982,77467,1355609,1965721,2956484,708202,391581,2780047,256011,4608039,848869,1887011,3286108,28214.999999999996,38207.33454340094,25080,35680.85671462793
2016,Missouri,29,6093000,4865387,1389424,4121639,1753196,1361688,130373,119018,5917603,94365,81032,4208409,2999650,3093350,4851442,698948,243834,124425,26144,136125,73778,1349943,1889946,2973182,787146,442726,2919918,147420,4691066,565254,1937235,3590511,30000,41787.91679654927,27000,39504.80452154582
2008,Montana,30,967440,769470,227279,636598,294255,186921,9370,8691,940844,13143,13453,142344,481261,486179,848034,3357,31093,5803,60333,17135,8872,206256,296816,488593,127990,54041,479222,25569,743071,173016,256279,538145,26788.800000000003,36795.16702033032,25784.22,36183.303204714495
2012,Montana,30,1005141,810164,219888,687668,282838,231014,7097,6175,976286,12007,16848,103875,501429,503712,877347,2531,30279,6273,67110,21297,5230,208986,284282,515687,140601,64571,481039,39036,781811,184178,320566,500397,25498,34455.66807627725,24557.5,34565.924321577324
2016,Montana,30,1042520,839114,228642,710746,297794,259350,11730,10998,1013648,11996,16876,106618,524227,518293,901468,2755,36696,9147,64316,28081,3321,216492,293640,517556,160683,70641,503181,26150,811045,87121,403499,551900,26500,37679.077963207026,25800,37850.6097912559
2008,Nebraska,31,1783432,1381809,455198,1151491,555297,322077,67087,56871,1730439,26472,26521,927386,883046,900386,1491377,75271,147968,31729,12054,24112,48033,442286,585847,864695,235191,97699,961500,38416,1329510,186181,438669,1158582,29021.2,37515.839390961715,27905.000000000004,37321.07068815116
2012,Nebraska,31,1855525,1438468,465331,1209545,567164,361126,79539,66871,1804311,23459,27755,990306,917925,937600,1508923,86383,178793,38313,13873,27505,38893,448565,594741,882972,262529,115283,965372,51946,1387993,205292,494955,1155278,30304.999999999996,38955.874084486735,28110.499999999996,38311.32624547541
2016,Nebraska,31,1907116,1483011,471820,1246623,582813,405226,91114,79576,1854762,23792,28562,1044168,950143,956973,1521029,86366,201976,45156,12813,38781,34297,451524,606198,879389,287061,134468,991764,38502,1430981,166403,534439,1206274,30000,42056.712902726926,30000,41400.8045764143
2008,Nevada,32,2600167,2006265,667980,1713150,769081,434921,316037,277078,2566803,22173,11191,2276883,1324343,1275824,1469866,189722,672393,165967,28778,67181,106678,554855,1000382,1212323,268408,119054,1285955,101110,1973206,553287,527950,1518930,33486,44849.8661179216,32034.940000000002,43887.44774283147
2012,Nevada,32,2758931,2167983,663964,1842577,815025,512815,295592,271024,2722648,25936,10347,2430953,1394534,1364397,1456484,219992,752505,221616,25171,79173,235419,588425,982526,1344749,289378,142278,1250011,166785,2132037,611695,707131,1440105,31349.999999999996,40029.48628675847,27169.999999999996,39088.425146235524
2016,Nevada,32,2940058,2341298,676543,2007471,826517,622096,307365,287482,2902138,27742,10178,2609195,1474295,1465763,1463777,250522,836940,257272,26386,99129,275569,609766,996795,1460392,318029,164842,1383986,98154,2303641,332518,1012968,1594572,30000,42409.90626438271,28000,40724.29389273648
2008,New Hampshire,33,1315809,1058188,294454,902372,367028,247817,29053,26725,1277158,14734,23917,461694,647416,668393,1221613,9449,39123,27078,2354,14996,9365,289982,388823,615805,204358,106823,716140,34489,1019611,140456,304321,871032,35718.4,48080.923817199735,33486,46317.92109628389
2012,New Hampshire,33,1320718,1081511,273099,922311,360632,283694,37405,32150,1280614,13112,26992,543756,646909,673809,1211429,14800,40132,29479,3216,19326,7664,285441,360319,622480,213579,124340,694543,45732,1041824,145239,360914,814565,34798.5,47062.28044937519,31349.999999999996,44705.816079628064
2016,New Hampshire,33,1334689,1108258,260834,948446,347835,320713,35180,30061,1292293,15582,26814,544783,667334,667355,1209570,15938,47466,34379,1461,24635,9646,275000,338476,627787,230848,137578,727345,29772,1066031,85278,419134,830277,35000,48761.25330249921,33000,47240.518531054
2008,New Jersey,34,8682661,6872239,2047060,5854547,2496829,1590716,866853,779056,8486322,111053,85286,8682661,4251947,4430714,5342151,1137010,1424069,641742,10601,96601,493791,2029310,2875162,3679912,1365248,762339,4392467,282918,6677720,1064194,2091522,5526945,41411.020000000004,58329.421910097095,36332.310000000005,54852.26017092245
2012,New Jersey,34,8864590,7074372,2026059,6051997,2504411,1762569,903219,820689,8677714,100438,86438,8650883,4316221,4548369,5134489,1125945,1642807,778736,7892,134269,502383,2046313,2816739,3745308,1458829,843714,4206523,472637,6888156,1148189,2405914,5310487,39710,57063.73552879863,33440,52355.6823187284
2016,New Jersey,34,8944469,7196484,1982347,6167057,2467595,1929959,903964,828702,8758562,97694,88213,8735506,4368680,4575789,4969524,1136413,1786914,849456,8517,153693,533687,2000168,2733520,3688298,1579113,943538,4429108,276854,7012190,706015,2835718,5402736,40000,59707.189553881915,35000,55198.37454152609
2008,New Mexico,35,1984356,1539582,500313,1277947,614861,360272,132328,117390,1942019,23512,18825,1193182,979402,1004954,825068,40574,895150,26024,165353,28119,210206,451483,768943,889357,186213,139843,915993,56394,1497682,413963,659175,911218,26788.800000000003,38066.03613164566,24556.4,37163.60614591366
2012,New Mexico,35,2085538,1628286,514814,1366969,636021,421257,128228,114155,2042883,25258,17397,1345663,1037053,1048485,829143,37347,979977,27563,182384,25984,249573,475881,767361,949879,210744,157554,881549,99431,1585752,399614,773833,912091,26125,37955.296762800215,24035,36148.10603326879
2016,New Mexico,35,2081015,1652192,486671,1390329,618500,469582,115802,105588,2037888,25334,17793,1347179,1028641,1052374,788539,37767,1010310,32198,177622,31116,214359,465816,716774,974010,225822,164409,893300,73535,1609396,193422,999135,888458,26800,38381.63663909378,24000,36272.841252295846
2008,New York,36,19490297,15651720,4396836,13060931,5713327,3609809,2034449,1861677,18881537,251111,357649,17752760,9461961,10028336,11669655,2861188,3232360,1339331,52937,240879,1447912,4537521,6744013,8304540,2619738,1822006,9475628,626275,15055992,2252255,6037198,11200844,34602.200000000004,52315.607079526126,30807.120000000003,48676.83361406427
2012,New York,36,19570261,15821254,4255688,13301849,5592668,3887658,2085809,1919687,18986309,227668,356284,17547606,9488736,10081525,11226501,2819495,3553080,1494701,44045,326987,1625127,4435487,6437438,8385242,2814182,1933399,9153484,932052,15248915,2156312,6844461,10569488,34485,50681.039660656614,29259.999999999996,46517.96967948911
2016,New York,36,19745289,16053037,4173030,13661783,5396538,4261949,2033499,1870835,19169325,216592,359372,17771838,9592192,10153097,10958551,2841644,3749158,1662419,41218,381148,1767607,4277391,6239607,8331933,3020886,2152863,9494739,604058,15491890,1211454,7836535,10697300,35000,54324.375257531014,30000,50037.825578132724
2008,North Carolina,37,9222414,7228784,2241740,6084431,2755040,1620152,463959,408891,8940285,114707,167422,6403495,4511055,4711359,6183399,1943449,678023,176694,89291,130334,348835,2089277,3390458,4155486,1147326,529144,4479645,320078,6948214,1437873,2579298,5205243,29579.300000000003,40769.73348254345,26788.800000000003,39111.537448338524
2012,North Carolina,37,9752073,7720755,2282478,6494339,2900377,1907877,518809,465378,9497151,115278,139644,6485569,4751964,5000109,6290894,2079382,845420,231122,101646,185945,249477,2214250,3403135,4494035,1244360,610543,4363748,510346,7468455,1607864,3121904,5022305,28214.999999999996,39045.83078308867,25080,36713.99712793194
2016,North Carolina,37,10146788,8119332,2294158,6879382,2914387,2188430,464925,425566,9890826,112047,143915,6856761,4932199,5214589,6440080,2152854,930564,281134,106458,218132,300162,2221191,3302872,4646319,1443766,753831,4721856,313273,7865640,1065288,3542976,5538524,30000,42405.67315599127,26000,39840.65501828628
2008,North Dakota,38,641481,523269,136884,416387,203636,124100,8085,6049,614274,10630,16577,139863,322955,318526,576164,5514,13634,3855,34762,7395,4579,149577,185924,340920,88709,25928,363454,12900,496203,60040,153846,427595,27905.000000000004,37923.571847392624,26900.420000000002,37311.59213853518
2012,North Dakota,38,699628,560177,153362,458420,217073,141915,12816,9728,674073,9538,16017,156398,359242,340386,616174,11476,16459,10738,35847,8635,4850,159862,198613,360193,100876,39946,378758,13078,534747,75048,164670,459910,31349.999999999996,46486.87573547344,31140.999999999996,46009.47524838783
2016,North Dakota,38,757953,600753,173062,498682,224425,153782,13665,12482,731853,9828,16272,175117,390642,367311,644997,19632,24370,6891,44091,17823,7508,158607,221492,380099,118499,37863,414143,13934,575238,61240,200612,496101,35000,44475.11923347856,32000,43929.50778914185
2008,Ohio,39,11485910,9079393,2735827,7669851,3373007,2170057,222032,189806,11171144,175234,139532,9062315,5600008,5885902,9458169,1333787,296059,182201,20148,181248,73197,2639248,3842149,5701789,1266800,675172,5556336,423290,8768087,1322790,3229585,6933535,30695.500000000004,40756.40062602038,27905.000000000004,38704.4594025203
2012,Ohio,39,11544225,9201600,2652169,7781265,3366000,2423482,222490,199282,11236863,164642,142720,8802617,5635040,5909185,9302094,1396811,371000,201136,20657,232949,91015,2618163,3667922,5814152,1345614,716537,5289290,523852,8895490,1368925,3750613,6424687,29259.999999999996,39677.72735459726,25403.949999999997,36996.086956442625
2016,Ohio,39,11614373,9324727,2606575,7924435,3279015,2654689,233653,213131,11301148,165484,147741,8896487,5697591,5916782,9216593,1428687,416341,233826,13810,286092,107714,2511117,3531985,5775425,1477149,829814,5563255,332065,9014167,685967,4409385,6519021,30000,42139.45163189021,27600,39881.8675422326
2008,Oklahoma,40,3642361,2844149,904753,2359831,1123947,675277,120409,108991,3527094,68882,46385,1736014,1794926,1847435,2593931,257276,278676,64717,223350,221678,82024,841469,1312614,1776542,383630,169575,1737482,83237,2731013,686222,1089363,1866776,27905.000000000004,37449.16228628057,25002.88,36058.8031292835
2012,Oklahoma,40,3814820,2975833,936722,2496297,1166508,745688,146814,131785,3704904,62388,47528,2034347,1889255,1925565,2586255,269919,356077,72677,278392,247763,90663,867933,1327832,1864279,413839,208870,1719362,117262,2867049,710800,1245401,1858619,27587.999999999996,38006.90351530423,24557.5,35662.7586518336
2016,Oklahoma,40,3923561,3064066,962141,2572700,1193485,819088,142171,131765,3813693,62331,47537,2136782,1944756,1978805,2594630,276547,404840,80933,284194,277910,109403,902647,1335726,1904783,462033,221019,1753268,109546,2956144,556209,1364167,2003185,30000,41226.229276681945,25810,38092.04020380751
2008,Oregon,41,3790060,3015421,874625,2576170,1063687,717458,231818,207329,3708440,41007,40613,2661682,1884739,1905321,3021167,66417,417152,135571,36090,110211,98088,789812,1224819,1814606,487858,262777,1836903,131664,2936013,617031,945875,2227154,30137.4,40992.56463207245,27905.000000000004,40101.373261689456
2012,Oregon,41,3899353,3132384,860266,2675137,1093104,832667,218728,200373,3812933,36343,50077,2733178,1937639,1961714,3027891,65514,473115,163183,41303,123251,129841,836956,1163356,1901400,525346,309251,1734436,216528,3046735,575485,1268373,2055495,27169.999999999996,39432.87003750534,25080,37767.48365648839
2016,Oregon,41,4093465,3331971,865952,2855518,1101711,969443,214438,200193,4004687,36432,52346,2893384,2032558,2060907,3117131,73476,522518,185268,38681,149688,126548,830724,1184088,1942280,602380,364717,1941752,119463,3243703,265013,1639655,2188797,30000,43215.414891084234,27500,41723.33716746038
2008,Pennsylvania,42,12448279,10040985,2753476,8486108,3524046,2577890,341739,303032,11978310,226358,243611,10411507,6056228,6392051,10127020,1253790,588950,300739,13371,143633,234579,2761295,3967669,6126714,1501284,852612,6054105,376124,9575034,1164358,3723318,7560603,33151.14,43648.021363001266,27905.000000000004,40648.690389247575
2012,Pennsylvania,42,12763536,10371394,2732366,8760975,3587517,2829554,370710,329468,12335561,197836,230139,10533504,6236352,6527184,10042967,1342894,776832,365596,13567,210985,224744,2775943,3847197,6298134,1649692,968513,5942339,585366,9946362,1279466,4131878,7352192,31349.999999999996,43142.28578252089,26334,39618.89611718805
2016,Pennsylvania,42,12784227,10436567,2664966,8929577,3439881,3084314,398878,353126,12356803,198879,228545,10600399,6259953,6524274,9829121,1355439,898332,423100,17642,242498,260854,2651510,3699816,6180211,1819507,1084693,6105096,373934,10012780,798482,4693272,7292473,32000,45693.306233053554,28500,42258.919689289505
2008,Rhode Island,44,1050788,857175,224135,709463,305489,202157,66361,60170,1012433,13801,24554,794347,506850,543938,824784,49388,120662,30435,3298,15646,62100,244417,354256,467442,147739,81351,532173,42380,819664,106411,298199,646178,33486,45007.871857905695,30137.4,42941.54985309282
2012,Rhode Island,44,1050292,859728,217152,710850,305764,222129,70847,63338,1008882,12522,28888,1050292,506587,543705,792348,50826,138867,32883,2974,22442,60714,238647,330466,482424,142669,94733,513972,55227,818447,121366,328199,600727,31349.999999999996,43590.14783414764,27692.499999999996,41114.956469711586
2016,Rhode Island,44,1056426,874204,208694,732652,291999,241748,67058,60272,1013674,12530,30222,1056426,510780,545646,768390,59982,157949,37576,2773,23990,58515,230220,303558,484901,166565,101402,525029,30104,831479,44751,394968,616707,35000,46683.056401822774,30000,43713.13502428959
2008,South Carolina,45,4479800,3543701,1063703,2961620,1343309,848554,127651,113353,4333829,66561,79410,2764520,2179254,2300546,2908458,1261485,177999,48931,9796,64977,62993,1017157,1633112,2107075,483799,255814,2067434,169125,3398120,736255,1315751,2427794,28574.72,38851.55292068557,25672.600000000002,37142.352421500604
2012,South Carolina,45,4723723,3762423,1080796,3154584,1403360,984380,140312,128922,4584721,63810,75192,3600801,2296288,2427435,3015315,1295284,247336,60933,13917,85771,82550,1041343,1631716,2257989,547313,286705,2053645,248724,3624833,795728,1597462,2330533,27169.999999999996,37052.77520290982,24024.55,35153.79409675847
2016,South Carolina,45,4961119,3985269,1099814,3387899,1398769,1153650,147467,133364,4824537,61147,75435,3833524,2406185,2554934,3161257,1332396,273209,78307,12434,91290,80537,1066285,1609581,2376016,646483,329039,2268666,150894,3849843,505851,1849454,2605814,29000,39684.62410675706,25000,37986.26783086795
2008,South Dakota,46,804194,627018,201529,521168,250802,156039,7525,6640,772914,15913,15367,148567,401583,402611,689380,7259,22420,5157,63220,16489,3438,189043,263528,412593,91066,37007,426283,15521,596977,89079,236175,478940,27905.000000000004,36197.13055699791,27235.280000000002,36488.00115470122
2012,South Dakota,46,833354,651227,204137,542020,257330,167803,12904,10622,799339,14765,19250,161186,416849,416505,698213,15904,23402,8090,73835,12557,8085,196126,267391,415789,104969,45205,428862,21560,618038,91018,248240,494096,27274.499999999996,35991.72809180667,26229.5,35878.375895334175
2016,South Dakota,46,865454,671406,213902,565146,263283,192768,20303,17475,831444,14715,19295,172913,435923,429531,713617,13026,32249,12876,75978,17642,4518,202665,273727,417296,121640,52791,441179,18490,637959,74583,264560,526311,30000,40895.0004301974,30000,39968.96023643461
2008,Tennessee,47,6214888,4915332,1468474,4185397,1780220,1160450,170025,148817,6062405,85762,66721,3941649,3026662,3188226,4780679,1011553,234868,81992,14388,85058,60850,1356956,2265574,2952835,664001,332478,2943687,216191,4764029,828160,1897992,3488736,27905.000000000004,39785.91347059418,25002.88,37453.05332775554
2012,Tennessee,47,6456243,5132237,1492012,4337792,1892202,1303613,181314,160128,6302883,84269,69091,3980454,3145360,3310883,4842904,1085556,306710,97196,13146,105491,83215,1432480,2207422,3127314,736683,384824,2836658,295769,4980657,918402,2181078,3356763,27169.999999999996,38259.27991944459,23512.5,35294.90268191952
2016,Tennessee,47,6651194,5317905,1502677,4529601,1882535,1462483,209342,185324,6498215,83874,69105,4138847,3243960,3407234,4933056,1106549,346102,121271,14943,122492,74347,1405219,2161004,3241532,812621,436037,3049923,181691,5166455,623927,2479494,3547773,30000,41246.52121450822,25000,38303.94092091991
2008,Texas,48,24326974,18316402,6732247,15128848,7992369,3534990,2645208,2358208,23729772,384712,212490,20133367,12147252,12179722,11532911,2737925,8815582,848295,71368,279720,2089313,6033609,10255064,10077529,2742648,1251733,11554748,633647,17726070,5741944,6022952,12562078,30137.4,43855.84969422119,27458.52,42157.74499346332
2012,Texas,48,26059203,19828640,6973857,16395640,8547225,4125615,2795035,2537692,25472904,376995,209304,21793663,12942678,13116525,11558551,3024177,9959855,1056558,60238,369009,1589631,6552753,10450805,10978167,3127898,1502333,11835161,1015062,19248141,5934548,7407545,12717110,29259.999999999996,43301.26372489457,26125,40829.392420853554
2016,Texas,48,27862596,21369189,7286776,17791466,8874477,4800790,2972312,2718680,27254392,382029,226175,23505466,13832319,14030277,11841697,3273703,10885507,1294277,66228,461936,1624392,6777755,10707492,11766196,3588287,1800621,13025480,751392,20769567,4779542,8148262,14934792,30000,46297.496795015824,28000,43813.59086396363
2008,Utah,49,2736424,1975467,845400,1550412,1021565,342038,155168,134741,2692055,20638,23731,2075971,1379915,1356509,2237478,27848,323938,74931,27496,43212,55978,762966,1034674,1230256,326100,145394,1314327,57381,1931461,403013,501109,1832302,27905.000000000004,39617.10632662528,26788.800000000003,39197.396274234496
2012,Utah,49,2855287,2058047,885518,1640883,1061922,384046,152014,135365,2808879,22244,24164,2301610,1439630,1415657,2278093,26145,379248,85727,24579,58197,124279,813476,1069311,1258700,357210,170066,1319139,97439,2013568,404567,601120,1849600,27169.999999999996,39189.07492764851,26125,38476.11958989114
2016,Utah,49,3051217,2227886,921098,1783485,1117097,456659,151960,141823,3005441,20979,24797,2464183,1539485,1511732,2400503,30598,420634,99862,23380,72400,156468,865645,1101235,1349339,400050,200593,1449242,65511,2183367,267880,673325,2110012,30000,42119.87684584489,27700,41435.791838247176
2008,Vermont,50,621270,512023,128054,430093,171044,124857,10301,9354,599698,5687,15885,0,305281,315989,590028,3534,6651,5935,1719,12287,3887,134736,173145,298951,93441,55733,338104,18483,490625,51543,215986,353741,29021.2,39266.00886584644,28016.620000000003,40472.7713179102
2012,Vermont,50,626011,520070,122488,437024,174496,144049,9894,8741,600682,5571,19758,213384,309774,316237,588265,5981,10662,9695,2092,9316,776,134675,161716,304754,101835,57706,329955,22273,495007,40963,244396,340652,29259.999999999996,38232.395559234246,27169.999999999996,37854.21872458374
2016,Vermont,50,624594,517954,119999,439459,169608,162799,9043,8512,599354,5481,19759,217768,308172,316422,581601,5629,12188,7721,3110,13529,4997,129242,160125,299164,99723,65582,328279,12451,492941,22124,267387,335083,32000,42141.53274897857,29800,40940.32104008945
2008,Virginia,51,7769089,6149596,1827916,5158189,2299821,1343660,429295,391825,7519452,108818,140819,6052313,3822255,3946834,5184933,1514048,528002,375504,18713,132390,181498,1761249,2645528,3311098,1104860,707603,4008110,200418,5901651,889284,1755295,5124510,35718.4,50630.453126855886,33486,49188.32564203448
2012,Virginia,51,8185867,6542219,1855004,5505038,2387326,1524852,494563,448068,7942331,101644,141892,5869447,4009498,4176369,5236261,1552482,687008,473414,15957,210011,184469,1846292,2591278,3533010,1223202,838377,4056319,296945,6300405,1029045,2020740,5136082,34485,50305.796274052824,31349.999999999996,47971.08440480486
2016,Virginia,51,8411808,6764072,1864204,5724472,2392822,1736845,491729,444982,8170182,97750,143876,6083770,4136015,4275793,5235781,1575450,760097,533169,18647,264244,223758,1848137,2564530,3553218,1346645,947415,4232725,210760,6523663,752460,2313359,5345989,35500,52444.747444253415,32000,50130.84311868457
2008,Washington,53,6549224,5182888,1547510,4394303,1893258,1126392,457909,399331,6405562,57075,86587,5383649,3267465,3281759,4922150,215849,642959,450829,82720,220552,257511,1425065,2100031,3039522,935395,474276,3282052,184287,5040744,830351,1712369,4006504,34825.44,47573.084276527996,32927.9,46151.11229169594
2012,Washington,53,6897012,5491780,1580454,4656057,1989907,1333080,483512,436573,6755601,57677,83734,5764098,3438532,3458480,4931892,244540,807998,530423,79600,296476,242188,1479064,2112800,3235777,1020862,527573,3260660,297065,5353996,952350,1987066,3957596,33440,47086.165937299105,30304.999999999996,44424.30435961452
2016,Washington,53,7288000,5842135,1624757,5001679,2021677,1538410,535901,485252,7145410,57786,84804,6128990,3636099,3651901,5055730,255873,905438,628204,80234,352970,354538,1507773,2183675,3278106,1174408,651811,3534210,201159,5700450,439101,2631391,4217508,35400,51256.76902736716,32000,48522.21865500279
2008,West Virginia,54,1814468,1483236,378509,1270892,487340,395723,12931,10532,1768914,24425,21129,0,888168,926300,1692929,61702,21400,9359,2398,25668,2422,364457,628677,954765,145322,85704,797595,43554,1438250,267314,634226,912928,26788.800000000003,35550.85757919564,22435.620000000003,32346.339072661158
2012,West Virginia,54,1855413,1513081,385073,1295017,498922,445236,12712,11433,1805972,28388,21053,337409,913069,942344,1722266,63225,23764,11706,2044,31410,3274,374908,612592,993395,155598,93828,758177,65033,1464548,271956,669221,914236,27169.999999999996,37420.34429155585,21945,33245.14116881197
2016,West Virginia,54,1831102,1500633,376524,1291927,475686,476817,18409,17159,1783075,27698,20329,335467,905297,925805,1684552,69754,26154,14480,2446,29152,8127,353284,573817,971356,173912,112017,740469,64611,1453210,99002,889361,842739,27800,37782.7497742649,23400,34445.552668251745
2008,Wisconsin,55,5627968,4474933,1307645,3754961,1662035,1027116,146490,130209,5464836,81859,81273,3699083,2797950,2830018,4780021,315466,286382,120465,39966,79194,74698,1287540,1757811,2863418,682536,324203,2976908,156895,4313191,501080,1528374,3598514,31811.7,40664.51011595306,29356.06,39901.036480319795
2012,Wisconsin,55,5726398,4562135,1318588,3856083,1671503,1171038,150743,136026,5578090,72407,75901,3714514,2840795,2885603,4739503,346606,353159,139459,49207,96351,94329,1313071,1730434,2885970,739521,370473,2838216,225529,4415176,538074,1785810,3402514,30304.999999999996,39372.70852756283,27174.179999999997,37872.651028875116
2016,Wisconsin,55,5778709,4647867,1282032,3934559,1640235,1306216,163536,145076,5632449,68762,77498,3772300,2865240,2913469,4717930,354144,388055,158567,47798,108106,129559,1268429,1643740,2900055,831398,403516,2970806,127477,4502167,314340,1920678,3543691,32000,42693.406468571186,30000,41193.35664925125
2008,Wyoming,56,532668,418163,127953,347559,161594,92966,8402,8003,518032,6259,8377,0,269288,263380,459892,5263,43385,3369,9062,11211,6588,115169,163679,288550,54358,26081,285553,9552,403788,75450,133986,323232,31253.600000000002,42172.22324693812,29021.2,41860.29286278457
2012,Wyoming,56,576412,454207,136250,381940,171950,111032,10600,9276,562613,6762,7037,0,292001,284411,487559,5089,54253,5216,9950,14345,9723,134307,175319,298987,70081,32025,293845,18155,440516,92411,153348,330653,29259.999999999996,39504.19250553695,27169.999999999996,38802.22360625459
2016,Wyoming,56,585501,459800,140140,390977,170570,129432,12463,11737,571211,7083,7207,0,296804,288697,493453,4539,56875,5855,13684,11095,5534,132207,174466,303332,70835,36868,285760,17672,445765,65489,164674,355338,30000,41008.1366576114,28800,39883.80304370317
