year,GEOID,NAME,B01001_001E,B01001_001M,B09001_001E,B09001_001M,B16008_046E,B16008_046M,B01002_001E,B01002_001M,B19083_001E,B19083_001M,B20017_001E,B20017_001M,B19301_001E,B19301_001M,B15003_017E,B15003_017M,B15003_018E,B15003_018M,B15003_019E,B15003_019M,B15003_020E,B15003_020M,B15003_021E,B15003_021M,B15003_022E,B15003_022M,B15003_023E,B15003_023M,B15003_024E,B15003_024M,B15003_025E,B15003_025M,B14001_001E,B14001_001M,B14001_002E,B14001_002M,B01001_003E,B01001_003M,B01001_004E,B01001_004M,B01001_005E,B01001_005M,B01001_006E,B01001_006M,B01001_007E,B01001_007M,B01001_008E,B01001_008M,B01001_009E,B01001_009M,B01001_010E,B01001_010M,B01001_027E,B01001_027M,B01001_028E,B01001_028M,B01001_029E,B01001_029M,B01001_030E,B01001_030M,B01001_031E,B01001_031M,B01001_032E,B01001_032M,B01001_033E,B01001_033M,B01001_034E,B01001_034M,B03002_001E,B03002_001M,B03002_002E,B03002_002M,B03002_003E,B03002_003M,B03002_004E,B03002_004M,B03002_005E,B03002_005M,B03002_006E,B03002_006M,B03002_007E,B03002_007M,B03002_008E,B03002_008M,B03002_009E,B03002_009M,B03002_010E,B03002_010M,B03002_011E,B03002_011M,B03002_012E,B03002_012M
2012,06,California,38041430,NA,9239306,2103,5003267,34811,35.5,0.1,0.4822,0.0016,30502,104,28341,111,4558433,31014,549534,11994,1411077,18959,4054381,25280,1959097,21968,4865203,31380,1861112,21782,569482,11971,364732,8288,36575440,13562,10678252,28487,1296287,2477,1296812,12549,1306123,12399,825862,2728,569900,2784,316738,8989,318160,10755,878262,11552,1240523,2396,1239678,11873,1245997,11955,788024,2596,535046,3580,299727,7470,289211,8298,815296,11124,38041430,NA,23503769,NA,14904055,7593,2150453,14326,145112,6213,5047744,16238,137403,4057,83285,9189,1035717,22200,57330,5596,978387,21394,14537661,NA
2012,08,Colorado,5187582,NA,1231307,1495,273349,10112,36.2,0.2,0.4579,0.0039,31326,227,30329,328,619568,11596,132632,5818,209243,6911,580017,8862,288253,7592,818469,13724,342776,8853,76550,3750,53211,3614,4989990,4419,1395046,9723,172562,2030,187549,4448,168057,4805,100405,1436,77113,2421,38793,3188,39785,2910,109601,4058,164433,2154,172087,5124,170502,5092,95712,1514,69187,2098,34399,2810,36106,3064,106637,3830,5187582,NA,4098840,NA,3599838,2504,204851,4746,29779,2513,144241,4177,4730,1150,7364,2300,108037,6568,2650,1097,105387,6399,1088742,NA
2012,09,Connecticut,3590347,NA,792766,1053,238122,9129,40.4,0.2,0.4915,0.006,36914,388,36891,529,607054,10988,75153,4492,130546,5221,302473,6991,182429,4839,503440,9936,294155,7730,73294,3696,40248,3025,3479966,3754,954957,8253,99546,993,111455,3598,119297,3727,75376,874,55962,985,24703,2525,25448,2109,69139,2873,93524,834,104747,3836,116104,3812,72717,1220,53246,1265,25929,2351,22923,2468,62253,2725,3590347,NA,3079700,NA,2512773,2534,339063,4092,6099,1048,146701,2292,2233,1568,10714,2689,62117,4737,4359,1328,57758,4781,510647,NA
2012,10,Delaware,917092,NA,204920,394,36062,3070,39.2,0.3,0.4356,0.0083,31770,621,28705,595,173099,5688,21805,2206,38540,2509,86847,4595,44331,3053,111921,5213,52001,3845,9864,1328,8903,1201,882536,1884,236066,3847,28446,344,28624,2025,29963,2205,17597,430,13530,795,8158,1743,7982,1716,17374,1778,27739,277,28419,1868,27153,1779,16979,691,14294,1000,7911,1739,6567,1336,17744,2059,917092,NA,838279,NA,589642,1421,191258,2912,2543,470,30485,1570,101,97,4138,2245,20112,3258,983,713,19129,3291,78813,NA
2012,11,District of Columbia,632323,NA,109452,267,50687,3943,33.7,0.2,0.5343,0.0126,44980,2362,45307,1257,69175,4162,11906,1792,15782,2133,45655,2918,14083,1888,100904,4522,77488,4099,38125,2877,16274,1731,608482,1577,159737,3807,19889,272,15317,1429,11832,1424,7946,154,10100,1337,5739,1189,5384,1165,17154,1648,19113,33,15075,1240,12042,1261,8238,267,13531,1532,6566,1292,5753,1019,19113,1637,632323,NA,569597,NA,222975,786,308286,1489,1566,478,21717,1588,54,90,1659,721,13340,2381,1385,787,11955,2257,62726,NA
2012,12,Florida,19317568,NA,4000973,2689,1654785,25045,41.1,0.2,0.4828,0.0026,26604,152,25428,167,3457338,32714,562857,12665,863192,15089,1939033,26864,1236800,23291,2329936,24428,874523,13218,272260,7952,146350,5974,18689114,8594,4688008,21985,545488,3102,568554,10895,569454,10873,356110,3188,254907,4107,143952,6292,147989,7776,380164,8572,524857,3324,542691,10482,549967,10313,343852,3181,238304,3587,137632,7259,138724,6203,371176,7277,19317568,NA,14833367,NA,10966711,7126,2958587,11302,41291,3547,477131,6918,10245,3357,51896,6860,327506,13586,26385,4957,301121,12704,4484201,NA
2012,13,Georgia,9919945,NA,2495747,3742,532256,14323,35.7,0.1,0.4809,0.0031,28282,406,24321,204,1492541,17951,318325,9412,365365,10364,1007268,19155,453039,10789,1140757,18884,468599,11364,123173,5571,74746,4406,9540591,7214,2797844,20311,341922,4139,366006,8052,359456,7865,208737,3728,157606,4739,78537,4107,73966,4608,213701,6492,329183,4145,336751,7346,356511,7538,197181,3554,147145,4528,75633,4911,70182,4491,203590,6149,9919945,NA,9015602,3608,5460416,2425,3023619,10127,17070,3432,335167,6065,2458,853,18170,3881,158702,8888,7178,2577,151524,8995,904343,3608
2012,15,Hawaii,1392313,NA,302881,586,99990,6021,38.3,0.2,0.4257,0.0064,31475,359,28099,490,244511,7252,24793,2429,49630,2496,159959,5763,95686,4961,186586,5291,66566,3527,22483,2218,10581,1303,1340261,2178,336071,4731,45753,259,44156,2004,41115,1977,24306,744,18467,974,11399,1657,12448,1734,33162,2397,43260,390,39318,2382,41092,2322,23881,700,15558,843,9155,1457,7315,1029,29647,1716,1392313,NA,1260570,NA,317032,544,24104,1518,2069,605,520824,10030,130717,4959,2760,1364,263064,11075,2480,984,260584,11068,131743,NA
2012,16,Idaho,1595728,NA,424752,1198,53607,4140,35.2,0.1,0.4302,0.0089,23730,659,22053,398,229196,7911,51266,3628,88109,4704,191670,6969,91295,5029,175020,7778,56911,4077,14927,1783,11035,1732,1529311,2426,454364,6647,58069,1489,61468,3535,64211,3365,33691,1510,23423,1467,10959,1443,12547,2052,33157,2486,55667,1309,57088,3140,59704,3099,34854,1642,21826,1473,11233,2047,12141,1712,32904,2775,1595728,NA,1410569,NA,1330942,1001,8263,1402,17157,1683,18757,2104,1686,614,1917,1000,31847,2651,497,354,31350,2658,185159,NA
2012,17,Illinois,12875255,NA,3063051,2339,877225,18320,37,0.1,0.4716,0.0031,31329,153,28741,189,2006099,22899,307103,8674,565971,9579,1264199,16780,647039,11649,1684348,17797,751407,12053,175113,6110,96485,4912,12403972,7323,3478102,15404,415426,2218,426863,8365,448301,8176,273180,1748,187064,2745,94547,4894,96959,4576,261639,5126,398601,1957,415397,6695,426021,6915,259262,2000,173718,2831,87355,3612,95454,4430,256573,5256,12875255,NA,10775247,1920,8093687,3763,1825624,7721,12917,1623,612771,6001,3484,1526,16159,3126,210605,9443,10869,2311,199736,8910,2100008,1920
2012,18,Indiana,6537334,NA,1589419,2940,176375,7730,37.3,0.1,0.4417,0.0035,27386,235,23898,197,1288444,15566,222358,6485,283019,8157,602891,11435,347606,9028,643210,11414,259870,7456,55872,3380,43157,3415,6288186,5209,1753514,11998,216539,1869,223661,4755,234675,4811,139823,1884,96725,3121,50538,3474,53804,3708,139268,4553,207618,2405,216691,6259,219227,5810,131185,1640,94722,2648,50480,3516,53371,3390,130062,4666,6537334,NA,6128434,1327,5289249,2878,590436,6613,12462,1436,107176,3763,1722,877,9667,2748,117722,7125,3244,1088,114478,7341,408900,1327
2012,19,Iowa,3074186,NA,722666,2259,75144,4358,38,0.3,0.4328,0.0048,29546,514,26436,266,578840,8900,78802,4019,158526,5287,286686,5988,226481,5706,368331,7253,117508,4266,29743,2570,20738,2115,2959203,3259,809898,7334,99826,1965,99995,3195,108733,3176,62094,1227,44030,1553,28083,2472,25411,2008,63723,2851,96171,1531,101968,3701,95174,3222,58705,1346,45835,1575,23863,1939,20858,2324,62724,2871,3074186,NA,2913542,1481,2705704,1557,89449,3644,6729,1410,56038,2136,2189,736,3064,1137,50369,4292,1176,630,49193,4271,160644,1481
2012,20,Kansas,2885905,NA,721277,1941,108372,5377,36,0.1,0.4496,0.005,28554,502,26390,371,432186,8598,77218,3991,149439,5348,306074,8933,149866,5790,362899,7111,149868,6515,33378,2414,20097,1891,2768504,3076,802896,7794,102507,1423,103556,3521,101425,3437,59694,1348,46720,2475,25481,2596,23662,2472,61728,3077,98911,1585,98998,3529,99236,3368,56950,1546,44429,2081,21234,2234,22457,1846,55693,2569,2885905,NA,2570129,269,2234826,609,162574,4083,22793,2375,71374,2649,2155,1442,1204,638,75203,4948,1416,791,73787,4941,315776,269
2012,21,Kentucky,4380415,NA,1017979,1760,74188,4813,38.4,0.2,0.4667,0.004,26430,225,22722,219,800468,9902,200288,5835,192121,5679,414942,9024,211692,7621,378979,8063,185306,5987,46602,3077,28258,2442,4224180,4348,1108468,10750,140587,1883,144129,4578,149225,3925,88324,1755,61115,2555,35495,2911,37160,3276,84834,4553,136086,2290,136575,4100,142892,4415,80161,1649,59698,2679,29630,2814,34278,3116,84765,3916,4380415,NA,4246380,1860,3760302,1815,340056,6013,6965,1224,55143,3007,2149,1098,4783,2029,76982,5820,1374,487,75608,5805,134035,1860
2012,22,Louisiana,4601893,NA,1119124,1929,92991,6268,36,0.2,0.4859,0.0049,27273,320,23800,263,869245,12122,160720,6700,157638,5891,488181,11390,160063,5980,433223,9068,155282,5941,45446,3681,26117,2277,4423331,4405,1207176,10342,154816,2146,160431,5204,161763,5752,92842,1939,67600,2692,38399,3287,36266,3749,97492,5384,154464,2471,147331,4875,159556,5096,87921,2080,66506,2893,34525,2703,33899,3259,101477,4433,4601893,NA,4394257,928,2748748,2233,1472115,5296,22089,1794,71648,2376,2209,1073,10375,2957,67073,5734,2619,986,64454,5598,207636,928
2012,23,Maine,1329192,NA,265987,1224,18743,2509,43.5,0.2,0.445,0.007,27160,375,26020,410,278442,5885,50825,3993,59370,3358,128191,4914,85732,3769,171449,5069,65911,3474,16093,1851,11276,1653,1292046,1728,306571,5266,34042,760,40740,2327,37014,2336,25351,630,19070,886,7655,1158,8760,1397,23150,1715,32148,726,36152,2164,37274,2035,23266,543,17827,902,9398,1583,8922,1705,21406,1830,1329192,NA,1310741,699,1250688,432,13316,1637,7462,968,14396,1393,127,135,453,324,24299,2223,763,453,23536,2233,18451,699
2012,24,Maryland,5884563,NA,1342935,1292,403898,10993,38.1,0.2,0.4473,0.0034,39240,609,35144,272,918055,15341,116998,4825,236421,6748,548129,10301,251712,8044,795930,14788,460951,9564,115222,4675,94884,4443,5674843,5617,1580906,11337,185624,1508,194000,5031,186127,5222,118250,1260,85171,2061,42379,3779,44797,3624,120311,4169,179001,1499,181963,4824,184106,5036,113864,1327,77267,2048,40592,3222,42859,3081,116117,4167,5884563,NA,5374115,665,3166263,1649,1696151,7322,12471,1611,337959,4148,2324,1015,10096,2800,148851,8143,5356,1664,143495,8245,510448,665
2012,25,Massachusetts,6646144,NA,1401255,989,442019,12172,39.5,0.2,0.4813,0.004,36386,274,34907,338,1048250,16118,133672,5517,229750,6850,536287,11263,347381,7274,1011713,13951,541323,11306,132494,5420,104415,4763,6439002,4912,1761641,10751,186715,952,193392,5527,206391,5684,129057,1054,106346,1871,53376,3771,51891,3732,132179,3943,177144,975,185533,5095,198829,5111,124194,1169,109726,1961,55375,3794,53072,3284,126315,3670,6646144,NA,5972259,1080,5003798,4028,425654,5207,7210,1418,378962,3974,850,603,37684,4617,118101,6349,16324,2660,101777,5342,673885,1080
2012,26,Michigan,9883360,NA,2267623,2474,269484,8119,39.5,0.1,0.4624,0.0027,26733,211,25074,161,1758949,14708,265246,7287,503556,8352,1078391,13703,575915,9764,1062110,11564,490025,8512,103848,3979,67420,3248,9551345,4488,2652338,11757,292588,1619,316554,6107,338507,6141,214197,1732,147065,2353,81784,4265,75683,4348,201102,4192,279057,1610,301964,6169,323772,6447,200984,1412,138683,2099,79167,4627,77848,4299,193387,5021,9883360,NA,9428442,615,7523647,2218,1375814,7283,49914,2705,247148,4162,1612,678,11165,2629,219142,9448,8375,1321,210767,9166,454918,615
2012,27,Minnesota,5379139,NA,1277800,1724,179919,7671,37.6,0.1,0.4441,0.0033,32084,214,30529,259,840396,10801,111745,4167,245952,6521,555546,8956,381595,8657,807626,12224,272778,7611,72103,3888,42833,3209,5177211,4744,1414524,8148,176324,1468,186104,3614,179835,3632,110629,1270,73611,1400,33252,2872,38671,2887,108094,3881,171257,1841,179507,4748,170683,4060,103461,1423,73275,1469,35753,2672,38170,2875,99769,3663,5379139,NA,5115114,630,4424944,1553,282628,5276,53113,1957,225697,3451,2276,990,4827,1523,121629,6596,3706,1390,117923,6619,264025,630
2012,28,Mississippi,2984926,NA,747669,1424,34541,3580,36.2,0.2,0.487,0.0067,24933,489,20119,303,462900,9900,121242,6608,105917,4830,328359,10041,160169,7583,249319,8849,105946,4680,24029,2594,15722,2051,2871033,3865,830938,8998,100474,2448,106248,4663,108945,3997,63699,2074,52996,3854,27281,2921,24208,2863,58932,3830,101922,2384,103948,3760,103410,3786,59023,2264,49200,3563,23571,2263,28063,3293,61038,3717,2984926,NA,2904805,2453,1717214,1296,1119168,4491,11840,1331,23816,2441,399,306,2951,1291,29417,3190,605,423,28812,3192,80121,2453
2012,29,Missouri,6021988,NA,1403706,3061,114505,5980,38.2,0.1,0.4608,0.0038,26997,208,24697,223,1086729,15435,186048,7037,304519,8244,611601,9992,287670,7236,670388,10796,284631,8950,65321,3583,42330,3216,5805261,4494,1552442,12418,192469,1917,204609,5956,202876,5860,122621,2215,88830,2708,48707,3930,43632,3212,120218,4718,182122,1970,189668,4988,193605,4551,115736,1865,83522,2359,45965,3325,44185,3471,119582,4590,6021988,NA,5800469,1600,4848758,2668,685914,5786,24778,2353,101081,3208,4480,1370,10174,2746,125284,6344,3510,1356,121774,6395,221519,1600
2012,30,Montana,1005141,NA,220140,1230,7382,1453,40.2,0.3,0.4502,0.0107,24954,643,25148,610,167970,4480,36245,2687,46900,2849,126669,5317,57590,3494,138862,5070,42619,3040,13022,1670,7426,1366,970811,1537,231634,4379,29985,761,35246,1831,28376,1999,19195,623,14289,1217,8215,1478,7715,1550,20574,1905,28854,753,30926,2146,30067,1929,17491,664,12230,937,9404,1549,6460,1310,19344,1978,1005141,NA,973676,373,876782,396,3489,1041,62422,2055,6423,1140,1140,776,453,309,22967,2404,151,139,22816,2360,31465,373
2012,31,Nebraska,1855525,NA,462802,1226,66006,3752,36.3,0.2,0.4339,0.005,28528,565,26245,283,292831,5896,41519,2610,95649,3474,194905,5948,117719,4509,233054,5600,83862,3185,20030,1746,12716,1332,1776112,2553,510963,5405,68703,1174,68716,2372,62621,2294,38266,806,26355,1461,13553,1591,12557,1374,42402,2287,63298,1089,63698,2730,63203,2402,34297,796,27034,1207,13276,1873,13701,1480,36937,2223,1855525,NA,1676641,494,1509066,1411,82713,3516,13662,1393,36372,1791,1149,1228,1689,1037,31990,3386,663,363,31327,3373,178884,494
2012,32,Nevada,2758931,NA,664422,753,279217,9630,36.8,0.2,0.4516,0.0075,29580,621,25331,397,457175,9796,72360,4132,129454,5717,353620,9028,138034,6074,272846,7751,95659,4628,27821,2388,15471,1961,2655741,2802,680801,7654,94224,1218,97127,4329,93590,4226,57020,933,35190,943,19342,2077,20787,2301,54902,2640,88688,1169,89296,3256,91439,3314,53038,833,30546,693,18549,2177,19714,2259,54837,3142,2758931,NA,2006880,NA,1455200,1000,219044,3954,25345,1751,204076,5008,17951,1640,3909,1542,81355,6477,2470,1108,78885,6381,752051,NA
2012,33,New Hampshire,1320718,NA,275022,1332,31817,2947,41.9,0.3,0.4298,0.0074,34119,912,32201,593,233128,6644,37562,2937,54390,3039,114590,5424,87025,3738,201804,6242,87156,4564,15364,1772,13567,1818,1283226,1953,323979,4497,32945,721,37519,1808,41695,1867,26933,1034,18972,806,9164,1407,9933,1811,24428,1929,32561,770,36495,2368,41473,2233,25401,767,21825,1277,11940,1763,9069,1433,20482,1828,1320718,NA,1280580,901,1212389,436,14610,1720,2179,714,29604,1863,191,193,1645,802,19962,2351,409,316,19553,2360,40138,901
2012,34,New Jersey,8864590,NA,2026738,1099,830513,18247,39.4,0.1,0.4718,0.003,38124,588,34885,275,1585222,18119,152352,6686,303963,8257,733050,12118,372831,11133,1359609,15068,597429,12358,147947,5570,87198,5010,8554824,4576,2294691,12829,267962,1089,281431,5739,301316,5915,183583,1613,116887,1922,60316,3743,62216,4156,169531,5282,258625,1351,274535,6473,283868,6301,175418,1607,112026,1880,56407,3287,51035,3532,160082,3962,8864590,NA,7223191,NA,5134994,5384,1127146,6357,11535,1695,769054,5816,2283,1590,41595,6248,136584,7984,13015,2103,123569,8166,1641399,NA
2012,35,New Mexico,2085538,NA,515848,1553,113805,6256,36.8,0.2,0.4713,0.0063,26026,382,22874,345,298375,8457,61952,4475,77980,4443,242995,6142,111952,6373,202552,8269,106967,4988,22244,2505,23525,2526,2002855,3440,572854,8312,73089,1499,77581,4096,70566,3889,43534,1760,32445,2018,15413,1920,13844,1684,45703,3058,69947,1226,71707,3089,68434,2920,40990,1609,33362,2120,13020,1649,15996,1730,39577,2351,2085538,NA,1105814,NA,827066,1054,37796,1673,180977,2431,26846,1821,1009,567,3913,1057,28207,3275,1771,701,26436,3186,979724,NA
2012,36,New York,19570261,NA,4261010,2169,1920011,21843,38.1,0.1,0.5009,0.0028,33190,332,31290,170,3081374,29170,498602,12047,613490,12111,1589218,21416,1128596,17104,2531374,22215,1371561,17637,359112,9486,181715,7468,18888881,7658,5029814,18752,596179,1869,582719,8580,613516,8309,385382,1769,283380,2327,154873,6635,146535,5196,428224,7489,568143,1680,561203,8690,585532,8772,368336,1446,277027,4316,152003,5553,143626,5758,413822,7570,19570261,NA,16016575,902,11227534,5742,2820905,13291,44447,3478,1487288,7852,7049,2839,103439,10743,325913,12202,40789,4361,285124,10898,3553686,902
2012,37,North Carolina,9752073,NA,2284002,2887,456416,11346,37.8,0.2,0.4691,0.0033,27066,184,24435,219,1475044,17802,285660,8511,416106,8721,1012715,17247,562049,12338,1170056,15868,436058,8476,92150,4202,77594,4259,9394913,7253,2550114,15371,311223,4019,330377,8165,331930,8105,192756,3679,147214,4150,75428,4720,75942,4799,202153,6571,300529,3683,320927,7083,316712,7470,179548,3204,140497,4051,73703,4630,72839,4757,190412,5604,9752073,NA,8907177,1916,6292533,4146,2075668,8930,103792,2926,225603,4372,5465,2114,19220,4117,184896,9097,6898,1701,177998,8657,844896,1916
2012,38,North Dakota,699628,NA,154098,980,9216,1385,36.2,0.3,0.4597,0.0105,31090,409,30796,668,111239,3990,17071,1561,29968,2381,77563,3619,56223,2934,89629,3973,25163,2477,7503,1342,5580,1191,673208,1399,177584,3649,23702,685,23669,1614,19240,1537,13072,521,13589,1029,7509,1363,6391,1157,19924,1880,21418,587,21307,1543,20455,1637,11235,473,11066,1093,6855,1268,6246,1131,16046,1864,699628,NA,682956,728,616194,315,10066,1654,36404,1644,6737,846,1190,1072,146,164,12219,2119,83,77,12136,2097,16672,728
2012,39,Ohio,11544225,NA,2659925,2487,196842,7949,39.3,0.1,0.4615,0.0029,28480,329,25445,178,2385539,19162,301858,7123,542516,10145,1082257,16448,625983,11693,1240747,14680,528409,11364,116545,5039,75611,3973,11145456,6313,3013300,17211,353140,2026,380787,6621,386170,6737,241052,2720,167583,2292,85500,4705,84243,4129,226413,5627,336915,1675,354226,6922,381159,6347,226476,2067,157863,3282,82061,4077,87643,5076,222278,6492,11544225,NA,11169949,1701,9309291,4101,1391987,8399,17615,1753,199187,4214,3722,1472,14870,4048,233277,9615,5440,1359,227837,9546,374276,1701
2012,40,Oklahoma,3814820,NA,936284,1095,130475,5024,36.3,0.1,0.4643,0.0056,26870,240,23740,308,662794,9471,123481,4427,179102,4812,418825,7669,180387,5370,393930,7039,142002,5213,33095,2478,22280,2196,3658438,3486,985249,8875,133075,1807,136772,3976,133566,3713,76295,1455,56874,1862,29758,2105,32224,2802,82526,2966,129086,1838,128550,3678,127171,3864,71769,1207,53501,1598,28146,2321,29589,2769,78462,3264,3814820,NA,3458521,NA,2585779,891,269430,4030,268571,6173,70326,2372,3792,461,3337,906,257286,7463,1385,580,255901,7451,356299,NA
2012,41,Oregon,3899353,NA,860746,1404,200239,7603,38.9,0.1,0.4565,0.0048,26782,274,26011,298,545481,10236,124698,5877,227099,6267,485355,9888,219073,7471,497130,10852,212460,6944,54182,3883,35682,2751,3766381,3370,982675,10858,119963,2296,127907,4086,120893,3828,75432,1640,53519,2131,29184,3183,27033,2572,77253,3788,112150,1885,114963,4156,118242,4253,71196,1762,47023,2001,27461,2925,27664,2543,77698,4034,3899353,NA,3425198,NA,3026649,2315,66879,3388,37023,3265,147243,3963,16013,1994,4772,1738,126619,6014,3368,1640,123251,5816,474155,NA
2012,42,Pennsylvania,12763536,NA,2737454,1537,335244,11797,40.5,0.1,0.4642,0.0021,30690,136,27774,160,2870894,20332,349983,8825,483219,10548,958587,12004,688751,10241,1484305,15639,665499,13240,166599,6129,119131,5431,12347792,4987,3108390,15673,367124,1634,381299,7027,399086,6969,253402,1998,189524,2404,97943,4899,99942,4582,254408,6324,351192,1816,367523,6039,377532,6041,240296,1922,190691,2573,99302,4692,94548,4852,243407,5792,12763536,NA,11982674,981,10035953,3417,1340316,9627,13403,1800,366278,5262,2336,972,13791,2596,210597,10777,9376,1945,201221,10475,780862,981
2012,44,Rhode Island,1050292,NA,216962,494,62692,5472,39.8,0.2,0.4647,0.0082,31135,516,29389,639,165835,7637,32704,2762,35237,2782,93355,4392,62628,3580,132903,5435,64882,3837,14832,1827,11126,1625,1018856,1905,275680,4946,28818,678,29140,2029,32446,2173,20480,555,17792,651,10281,1501,8981,1521,23243,1829,27329,888,26973,1853,32817,1776,18959,571,18864,738,9428,1498,10421,1405,22049,1716,1050292,NA,911742,NA,791560,1670,52500,2821,3643,729,33246,1419,201,203,8828,2397,21764,2630,2484,952,19280,2478,138550,NA
2012,45,South Carolina,4723723,NA,1080976,1987,128263,6534,38.3,0.2,0.4684,0.0045,26566,291,23396,262,796955,13200,140843,5205,192138,6782,471966,11050,281401,8027,504036,11607,212122,7447,43582,3187,31282,2697,4557631,4361,1201763,10642,151895,3161,159363,4688,151203,4874,89503,2023,75822,3667,42810,3407,40694,2833,93510,4020,142642,2963,147773,4199,152795,4107,85802,1902,68806,3118,38254,2962,35710,3443,95525,4338,4723723,NA,4473961,2255,3016843,1645,1295205,6297,14189,1657,59145,2354,1738,950,5952,2524,80889,6465,3105,1175,77784,6420,249762,2255
2012,46,South Dakota,833354,NA,204222,1015,11903,1725,36.7,0.3,0.4335,0.0114,27212,456,25275,480,153301,4349,24705,1942,31915,2524,85933,3582,53971,3519,98719,3692,29714,2820,7488,1248,7030,1200,799281,1721,217047,3700,29644,1058,28574,1764,29466,1616,16627,933,12880,1398,6485,1031,6821,954,17634,1608,29039,918,30190,1729,24426,1564,16256,889,13779,1230,5766,1041,6100,1150,15375,1496,833354,NA,808585,920,698504,1363,12629,1245,70943,2387,9516,1229,460,404,1192,775,15341,2305,816,745,14525,2226,24769,920
2012,47,Tennessee,6456243,NA,1494217,2932,164307,6571,38.2,0.1,0.4732,0.0042,26884,199,23692,241,1166971,16657,266671,7517,280224,9024,641682,12972,283901,9397,680286,11346,257964,7837,69299,4562,45255,3134,6226632,5730,1605001,12173,203801,2590,213254,6063,215096,5834,130443,2508,88477,3410,51395,3771,44555,3388,129822,4839,196222,2536,204091,5421,207377,5014,123933,2353,84936,3127,48331,3698,46221,3301,131816,5041,6456243,NA,6148485,2725,4840886,2132,1084643,5907,12460,2004,95459,3027,2149,647,6115,1919,106773,6121,4266,1629,102507,5988,307758,2725
2012,48,Texas,26059203,NA,6981175,4098,2566227,33712,33.9,0.1,0.4767,0.0021,28691,266,25359,134,3385514,26586,738983,12752,1015898,18347,2743789,29134,1079819,20839,2903294,24614,1076580,16933,240052,8208,164154,6898,24937723,12884,7389940,29176,985806,4526,1000422,11515,1005935,11400,575339,4661,391694,5135,217442,8144,213456,8099,568091,11114,947042,3971,962135,13156,955210,13395,549286,4405,372597,5575,199744,7218,184543,7068,540082,9264,26059203,NA,16098293,NA,11554528,5931,3015396,11936,61331,3903,1037052,8461,18488,1997,31949,6416,379549,14811,19730,3800,359819,13900,9960910,NA
2012,49,Utah,2855287,NA,887188,1060,138244,7000,29.9,0.1,0.4244,0.007,26426,392,23213,337,327025,7877,51438,3093,130416,4986,321066,8227,159358,5923,333947,7239,119791,5193,27527,2396,23256,2281,2703854,3298,932634,8649,132481,1169,128285,3652,126174,3944,68160,1046,44467,1528,20720,2341,23336,2649,75973,2924,125448,1129,124265,3373,117765,3444,64610,1155,45112,1516,25344,2238,24603,2282,67209,2766,2855287,NA,2475854,NA,2278904,919,27856,2343,25822,1936,61740,2771,25284,2698,3273,1688,52975,4482,1641,639,51334,4415,379433,NA
2012,50,Vermont,626011,NA,123889,834,8885,1220,42.4,0.2,0.4392,0.0088,28629,913,28818,521,117535,3998,14987,1754,21569,1686,49804,2596,39279,2096,95120,3355,42576,2221,10145,1516,7664,1165,608333,1091,154731,2544,16283,737,16964,1102,19223,1274,11685,250,10877,512,6229,1031,4767,775,12597,1079,14728,438,15940,1273,17662,1136,11404,403,11385,587,4122,757,6259,1036,10938,1128,626011,NA,616184,349,588138,351,6188,779,1910,665,8217,761,0,143,301,293,11430,1169,238,166,11192,1148,9827,349
2012,51,Virginia,8185867,NA,1854632,2470,446436,12422,37.5,0.2,0.4661,0.0028,33392,501,32517,200,1176004,14894,216287,6722,325224,8294,774019,15054,395520,9445,1132326,15259,596854,10955,133652,5596,88672,4304,7885760,5451,2173528,14600,256456,3517,268185,6580,263164,6918,157048,2386,125452,4144,64960,3923,67540,3987,166614,4647,250615,3530,248048,5958,256832,5666,154284,2906,117458,4254,59925,4115,61908,4267,162612,4790,8185867,NA,7497895,2927,5234502,2415,1549541,8258,15968,1615,466958,6228,5008,1689,12497,2706,213421,9432,8162,1977,205259,9355,687972,2927
2012,53,Washington,6897012,NA,1585029,1458,434197,13062,37.5,0.1,0.4498,0.0036,31989,210,29861,228,921721,12920,179506,6515,366665,10808,812150,12914,448208,11733,944631,13792,372069,8981,91575,4375,63240,4052,6643366,4514,1718203,13130,226381,2022,222732,5798,229458,5647,134936,1967,94694,2387,50186,3375,51409,3927,149146,4855,214592,1709,206463,4847,220655,5064,129812,1775,87226,2274,47378,3639,48527,3311,137558,4424,6897012,NA,6089416,NA,4927042,2712,239399,5736,84746,3900,504801,6544,38963,2600,8885,2913,285580,10084,5850,2060,279730,10123,807596,NA
2012,54,West Virginia,1855413,NA,384220,1237,11917,1552,41.5,0.2,0.4638,0.0073,26441,371,22410,344,439338,8130,86894,4861,74059,3994,171674,6524,81746,4395,147257,5285,66360,3998,18384,2134,9683,1573,1793653,2835,419145,5674,53538,1437,52269,2598,56163,2833,33200,1114,24894,1471,15781,2383,14262,2178,33618,2498,51725,1845,53452,2429,52654,2209,31219,1278,22658,2237,15049,2060,13478,1700,35252,2545,1855413,NA,1831692,1716,1721901,1156,60452,3250,2016,682,12057,1220,445,481,1114,700,33707,3186,626,414,33081,3119,23721,1716
2012,55,Wisconsin,5726398,NA,1316750,1876,141095,5229,38.8,0.1,0.4401,0.0042,30039,243,26994,218,1112713,13478,135298,4768,259585,6612,557106,10481,386784,7923,688002,10211,255462,6448,61488,3072,41201,2817,5522281,3938,1500226,9345,179576,1777,186241,4805,192451,4973,117112,1442,84078,1595,42976,3100,38583,3026,115917,3659,171659,2096,184000,3890,178137,4008,107574,1205,82409,1583,41581,3377,40448,2941,109486,3821,5726398,NA,5371999,636,4738842,1164,352680,4445,48138,2203,135516,3485,829,442,3096,1125,92898,6151,2943,1450,89955,5847,354399,636
2012,56,Wyoming,576412,NA,136610,1011,10876,1813,36.9,0.3,0.4166,0.0117,29473,1701,27813,827,95341,4929,20290,1811,33188,2699,68136,3723,38055,2808,64409,4017,20963,1812,4466,1088,4440,1390,554038,1722,154543,3196,19401,935,18842,1818,21383,1647,10748,1052,8188,1185,4961,1173,3749,1031,13808,1695,18615,855,19774,1574,17143,1412,10704,985,9159,1532,4105,947,3016,872,11874,1488,576412,NA,522096,642,487672,142,5311,1372,10328,1122,5520,1125,59,76,151,142,13055,1628,322,440,12733,1575,54316,642
2012,72,Puerto Rico,3667084,NA,849361,NA,56295,4739,37.8,0.2,0.5325,0.0077,16620,163,10914,181,583325,11631,67325,3728,39171,3163,267432,7376,219146,6924,428778,9494,113029,5102,27517,2777,19781,2283,3548155,4166,983155,7425,108250,1936,122716,3806,123441,3743,83047,1976,59087,2192,30186,2258,28553,2599,77792,3313,101104,2002,109395,3993,123632,4016,77776,1984,57712,2752,27114,2810,31440,2891,73702,3587,3667084,NA,35676,4007,23542,2809,2571,848,108,128,2677,1262,98,182,1365,704,5315,1480,33,60,5282,1480,3631408,4007
2012,01,Alabama,4822023,NA,1124975,1987,96368,4563,38.2,0.2,0.4726,0.0037,26574,310,22815,212,826740,13303,176803,5762,189488,5930,516444,12420,238555,8391,472037,9486,193901,6747,50713,3386,30508,2712,4645710,4579,1220639,9669,154902,2562,158765,5447,163731,5204,97673,1876,73658,3849,36883,3506,40183,3364,96152,4421,146906,2654,154067,5363,157592,5251,91339,1866,69110,2657,37248,3450,39243,2827,94925,3913,4822023,NA,4636582,3237,3212468,3115,1267479,5000,22791,2312,58679,2991,1194,627,3926,1405,70045,5540,2318,1021,67727,5546,185441,3237
2012,02,Alaska,731449,NA,187265,306,20671,2478,33.8,0.3,0.4232,0.0107,34405,1764,31890,675,106047,4298,24230,2407,34575,2626,94145,3956,38287,2609,79559,4131,36321,2785,8545,1468,5699,1096,698740,1427,195535,4290,27593,929,27033,2012,26425,1757,15899,926,12008,1526,5837,1302,7258,1540,19766,2132,26341,865,25172,1503,24487,1486,14315,1021,7820,1022,5608,974,5844,1113,15449,1528,731449,NA,687763,509,460453,953,24615,1189,100602,3658,42358,2146,8007,899,780,945,50948,3865,539,460,50409,3851,43686,509
2012,04,Arizona,6553255,NA,1619585,1194,487791,12055,36.6,0.1,0.4608,0.0039,28645,519,24600,222,864774,15646,173396,6649,309290,8745,790409,13114,360519,9366,735758,12854,310661,8701,77074,4189,47093,3244,6299433,5487,1753081,15045,223705,992,236024,5711,230633,5640,138579,1072,93580,1950,52451,3526,51576,4428,142091,5137,214067,1551,218351,5947,227456,6146,130770,1231,87001,1638,44722,3696,51581,3114,130204,3789,6553255,NA,4577151,NA,3730370,2003,264171,4476,262675,3849,185306,3855,10868,1676,7219,1876,116542,6982,5186,1489,111356,6638,1976104,NA
2012,05,Arkansas,2949131,NA,711629,1843,78901,4569,37.6,0.2,0.4632,0.0055,25737,336,21643,267,566530,10503,119419,4935,129405,5235,308735,8104,118932,5424,269141,8664,101528,5228,22334,2024,16106,1817,2836698,3587,752357,8093,99007,2389,105750,3996,103149,3972,59618,1819,41556,2641,22402,2473,23326,2786,59553,3443,92649,2237,99763,4515,94845,4130,56848,1929,40105,2141,23594,2277,22324,2035,55260,2931,2949131,NA,2751266,944,2179168,1780,458695,2935,16106,1949,38877,1936,5221,406,2163,1824,51036,3602,534,420,50502,3589,197865,944
2014,01,Alabama,4849377,NA,1108600,2449,92960,5388,38.6,0.2,0.4758,0.0042,26934,288,23606,256,847523,13509,181142,6003,198029,6728,511129,11244,256777,9532,478058,11918,201391,6586,51876,3858,33082,2843,4678136,4604,1190580,11549,150471,2593,156723,4818,162239,5576,96696,3024,69481,3786,35092,3429,34232,2971,106265,4380,140689,2830,147731,5121,159558,4467,94493,2267,68955,3050,35861,3251,34268,3441,99857,4406,4849377,NA,4656964,2014,3205535,1421,1285731,7136,21424,1975,57764,2998,1316,675,6590,2344,78604,6353,3076,1453,75528,6181,192413,2014
2014,02,Alaska,736732,NA,186769,481,21385,2618,33.3,0.3,0.4175,0.0107,36843,743,33062,758,108523,4395,23464,1851,35472,2893,96087,5016,38086,2849,85634,3613,33103,2734,7223,1319,4304,910,704965,1871,195830,4001,26766,1056,27517,1814,25859,1966,14719,948,11840,1587,6167,1165,8413,1620,22074,1770,26642,1206,25481,1443,24689,1407,15096,1153,9395,1029,5672,1128,4676,1058,16577,1187,736732,NA,687456,200,455009,805,23608,2475,101285,3075,43532,2125,8331,1126,1735,1024,53956,3793,103,118,53853,3803,49276,200
2014,04,Arizona,6731484,NA,1622071,1336,514527,11970,36.9,0.1,0.4676,0.0036,29737,499,25715,244,899108,16993,180704,6127,344474,8827,794213,13744,376649,9975,765784,13185,328400,7118,74530,4316,53578,3414,6482310,5280,1757664,11447,221202,1437,235196,5581,231019,5535,140181,2231,95898,1814,55876,4215,50524,4109,144096,4988,211461,1518,220761,5100,229920,5197,132331,1301,89167,2034,51307,3452,44971,3575,141348,4032,6731484,NA,4675028,NA,3777085,1922,265671,5930,266580,4041,206338,4117,11496,1328,7948,2361,139910,8391,3843,1226,136067,8440,2056456,NA
2014,05,Arkansas,2966369,NA,706140,2535,89761,5285,37.8,0.2,0.4714,0.0084,26367,345,22883,409,568437,10448,118349,5455,131244,4680,316818,8140,123871,6506,272411,8594,104636,5481,24531,2496,19380,2166,2859437,3668,746254,8910,98017,2243,102369,4401,98679,4090,62177,2949,43028,2447,22820,2486,23296,2547,59973,3605,92379,2285,97140,4482,96309,4476,59070,2357,40180,2255,21868,2667,18062,2214,62588,3191,2966369,NA,2760606,1452,2176186,956,465816,4813,15471,1815,36406,2274,7148,2176,3372,1954,56207,5362,543,320,55664,5356,205763,1452
2014,06,California,38802500,NA,9151579,2168,4983781,42650,36,0.1,0.489,0.0015,31232,97,30441,108,4768478,35664,592375,12604,1463370,19464,4097190,32528,2002684,22060,5120162,33972,2035257,20105,586986,13390,394265,10356,37329816,14378,10531321,31282,1281073,2246,1317265,13833,1278292,14034,794337,2436,555564,2886,308467,8563,301568,8749,898523,11661,1230619,2273,1242273,12279,1246854,12766,760866,2306,525244,3272,280900,8266,280427,8651,845936,10559,38802500,NA,23813730,NA,14849129,7495,2155733,13276,135245,6218,5329431,16978,137838,4310,96073,8641,1110281,23359,49427,5899,1060854,22160,14988770,NA
2014,08,Colorado,5355866,NA,1247145,1846,297577,10675,36.3,0.1,0.4584,0.0042,32379,218,32357,350,640470,13688,143346,6366,228712,6867,564212,9898,294629,8870,862158,12422,373532,8052,75829,3656,62693,3467,5156812,4098,1404518,12323,173068,1743,182608,4870,183355,5008,102639,2334,73021,2305,40051,2872,38576,3639,123067,3416,158990,1776,172486,5177,176058,5165,97941,1689,66405,1692,33619,2966,37654,3285,111865,4823,5355866,NA,4220759,NA,3686726,1784,205894,4247,30777,2729,155985,4128,6092,1510,7508,1808,127777,6578,4508,1151,123269,6454,1135107,NA
2014,09,Connecticut,3596677,NA,774876,590,232228,8541,40.5,0.2,0.5005,0.005,38443,922,39373,525,599611,12888,80663,5063,133471,5345,288203,8048,184589,6024,527472,10861,298684,7552,71642,4244,42316,3173,3487342,4034,928526,8601,95994,837,105945,3902,118623,3771,75133,1091,52650,982,25171,2229,26424,2403,76311,3041,92868,817,101956,3774,113395,3737,70962,749,53134,1068,24262,1927,26479,2349,65552,3107,3596677,NA,3055524,NA,2465919,2504,349742,5447,4731,1053,149568,3490,630,487,12292,3155,72642,6836,4849,1606,67793,6312,541153,NA
2014,10,Delaware,935614,NA,203842,622,37384,3751,39.6,0.3,0.4494,0.0095,32825,1493,30488,712,178275,5523,21472,2239,37791,2976,85470,4202,50787,3877,116931,5148,57035,3586,10712,1442,11203,1874,903972,1888,235650,5097,29254,623,27914,2091,30206,2131,16942,440,14151,750,7203,1363,6709,1260,18852,1625,26756,612,29189,2036,26804,2171,16777,503,13373,912,6746,1164,7282,1329,17113,1924,935614,NA,852288,NA,594488,607,197763,3013,2817,833,36038,834,216,252,1556,644,19410,3316,206,224,19204,3309,83326,NA
2014,11,District of Columbia,658893,NA,115030,6,51013,3783,33.8,0.2,0.5224,0.0092,46000,1356,45877,1138,71358,4381,12855,1867,16560,2313,46376,3665,15936,2092,112706,3634,86777,3902,36729,3003,18460,2088,633315,1782,164598,3962,22081,397,15173,1008,13305,1008,7708,159,10006,1185,5146,1111,6083,1496,16105,1743,20682,397,15865,1516,12424,1534,7792,165,11837,1122,7083,1457,5909,1288,18483,1609,658893,NA,590537,NA,235433,447,314473,1647,1218,492,24540,1098,137,166,1348,635,13388,1845,356,303,13032,1823,68356,NA
2014,12,Florida,19893297,NA,4054023,2418,1677483,26741,41.6,0.1,0.4834,0.0024,27250,135,26582,165,3557737,30505,593563,14160,900683,14782,2004771,26615,1358245,20607,2448663,26006,964916,14634,261794,9631,155131,6825,19260349,9382,4674255,23589,546207,3504,577804,8764,584684,9393,362984,3710,252667,4869,142725,7206,134102,6980,394186,9035,531365,4072,543566,12017,564842,11545,342571,3086,237817,4599,133383,6351,126865,6697,376333,9242,19893297,NA,15104427,NA,11055931,7320,3083879,12180,38726,3193,517141,7333,13361,2897,59892,7604,335497,15233,18750,3151,316747,14851,4788870,NA
2014,13,Georgia,10097343,NA,2491421,2778,537376,13914,36.1,0.1,0.4801,0.0034,29939,373,25615,212,1552824,22018,317143,10465,372490,10473,1016920,17469,462543,10577,1199733,17773,503513,12185,126094,5754,81260,4703,9716948,7287,2780545,18302,332958,3782,362951,8428,363919,8267,211865,3809,160313,5531,81888,5334,76127,4852,211396,7151,321481,4047,342946,8157,353106,8343,202195,3701,142797,5088,73019,4585,70920,5126,213054,6880,10097343,NA,9175228,2212,5474262,3318,3116136,9577,16968,2661,370080,5461,6338,2439,22687,4632,168757,9226,6197,1679,162560,8909,922115,2212
2014,15,Hawaii,1419561,NA,308354,501,95635,6087,38.1,0.2,0.4325,0.008,33473,1138,29736,584,256074,7629,21593,2980,55478,3480,156064,5727,102149,5128,200315,6801,66113,3443,22015,2148,13896,1623,1364015,2142,335539,5882,46224,660,45688,2490,42291,2634,23940,811,17529,948,12838,1722,12036,1546,33935,1902,44783,634,39254,1837,42569,1736,23605,912,14904,893,8450,1415,8801,1205,28128,1693,1419561,NA,1276323,NA,325266,574,28383,2182,1533,653,518355,8496,132722,4140,1125,519,268939,9292,1591,745,267348,9178,143238,NA
2014,16,Idaho,1634464,NA,431265,1760,54769,5021,35.9,0.2,0.4541,0.0111,25145,563,23938,594,240690,7582,54172,4287,96818,5130,191639,8876,97174,4710,175108,7366,58255,3882,16311,1951,11848,1891,1569382,2680,445627,7132,55741,1548,65679,3056,63019,3668,37185,1451,23622,1878,12522,1873,10942,2006,35311,3004,55966,1613,57633,3144,62003,3087,34039,1269,23911,1746,12204,2109,11090,1863,28404,2461,1634464,NA,1437552,692,1352954,769,10317,1612,17847,2008,22647,3092,1646,795,1086,609,31055,3905,543,344,30512,3854,196912,692
2014,17,Illinois,12880580,NA,2984734,2200,844915,16998,37.5,0.2,0.4765,0.003,31994,147,30417,199,1985764,22736,319917,8596,567622,12072,1240128,19247,670372,10692,1737022,19299,808866,12837,178177,6267,109342,5205,12417902,6279,3379651,14053,402735,2392,415029,7596,441130,7843,262818,1903,181690,2673,93309,4682,93648,4843,270629,6231,386391,2478,413266,6279,409868,6231,253497,2157,172813,2890,84324,3906,92143,4811,268214,5995,12880580,NA,10729074,1358,8006397,2946,1812812,9352,14333,2197,659915,5633,4616,1476,20358,3289,210643,9895,8589,2519,202054,9648,2151506,1358
2014,18,Indiana,6596855,NA,1583674,2472,175002,8545,37.4,0.2,0.4455,0.0037,28977,409,25140,219,1263948,14250,224065,6828,288684,8295,625951,11932,367996,8519,682893,12042,290178,8756,55635,3594,41896,2950,6351063,5115,1727143,12086,213824,2146,232886,6566,224838,6665,138686,2066,99034,2903,50489,3951,53550,3186,138189,4538,204200,2397,210380,5136,225916,5105,132944,2060,93253,2440,54235,3960,46865,3414,134650,5246,6596855,NA,6171390,1512,5293743,2944,605194,6714,10818,1941,129562,3818,2164,730,10049,3497,119860,6224,3014,1229,116846,6148,425465,1512
2014,19,Iowa,3107126,NA,725591,2347,86151,5431,38.2,0.1,0.4433,0.0053,30846,249,28361,369,571438,8875,83452,3789,147511,5926,293611,7346,233906,7248,383943,7715,129844,5601,31909,2784,24730,2136,2992054,3307,804095,7500,99565,2018,103848,3446,108524,3188,62261,1581,47596,2118,21703,2040,23686,2463,70157,3271,94006,1621,98645,3165,99229,3152,59513,1644,48439,2490,21488,1965,21423,2152,64309,2660,3107126,NA,2936059,1077,2707827,952,96102,3192,8337,1046,67946,3101,2524,1301,1039,451,52284,4260,464,303,51820,4190,171067,1077
2014,20,Kansas,2904021,NA,722487,2465,113861,5337,36.2,0.1,0.4597,0.0056,30384,228,27870,362,419478,9831,79272,3892,154706,5236,298813,8121,153284,5349,381292,8675,156450,5231,33162,2423,22180,2286,2785340,3469,785489,7795,101080,1878,108063,4011,99074,3521,61115,1881,45417,2777,22137,2365,23082,2888,65439,3573,98268,2380,98154,4413,100236,3924,56497,1826,41104,2476,19833,2707,22408,2709,60593,2975,2904021,NA,2575064,813,2227984,909,165265,4380,21502,1798,75742,2381,2383,1697,1845,854,80343,4490,1301,717,79042,4635,328957,813
2014,21,Kentucky,4413457,NA,1015303,3172,90553,5442,38.5,0.2,0.4704,0.0033,26828,272,23684,289,789610,11322,213973,6350,197815,6728,416570,9330,228473,8578,386963,8874,197252,7186,47789,3392,27697,2563,4253594,4307,1078943,8830,142782,2100,146218,4350,144304,4293,89578,2118,60138,2846,30884,2738,35593,2846,94243,3599,131850,2024,141237,4603,137876,4752,81458,2088,61089,2783,28940,2480,31232,2842,88854,4125,4413457,NA,4268287,2196,3769031,1775,345388,6538,8083,1601,54208,2811,2402,1335,4926,1435,84249,5490,1326,485,82923,5521,145170,2196
2014,22,Louisiana,4649676,NA,1114784,2072,105636,6214,36.1,0.1,0.4902,0.0054,29486,644,24800,290,876986,14826,156542,6113,164415,6318,493580,11821,165066,7574,463860,10327,160595,6662,47873,3343,29268,2632,4469571,5373,1179507,11035,154893,2988,161635,5389,158512,5564,93164,2431,66227,3689,34112,3337,39652,3065,100817,4451,150561,3231,155845,5160,151490,5577,88684,2804,61344,2774,34647,2835,35151,3460,102254,4714,4649676,NA,4425787,1880,2753573,1470,1493046,6438,23474,2048,78138,2298,2661,1572,8007,2003,66888,5830,2326,1179,64562,5593,223889,1880
2014,23,Maine,1330089,NA,257972,1146,19975,2447,44.1,0.2,0.4593,0.0098,27813,1013,27978,638,263085,7578,47202,3313,59158,3276,135341,4829,93426,3363,185890,5324,69374,3130,14346,1586,12171,1624,1293060,1579,296931,4264,31581,637,36972,2081,37266,2036,24650,696,16833,725,8338,1365,8064,1178,23712,1694,31336,708,34858,2016,38386,1999,22923,679,17327,983,8073,1135,8427,1427,21936,1578,1330089,NA,1310250,643,1245685,1001,16106,1177,7792,1183,14447,1256,36,39,1166,988,25018,1988,273,183,24745,1959,19839,643
2014,24,Maryland,5976407,NA,1351175,1075,412380,11654,38.3,0.1,0.4491,0.0034,40107,301,36338,307,917417,16344,126509,5758,240278,8602,536437,11971,265874,8477,841315,13053,489164,10095,121503,4966,101702,4928,5763330,3814,1563158,11379,186760,1711,191171,5493,195224,5426,117263,1709,81878,2037,43792,3252,39094,2754,121084,4090,180523,1720,181570,5156,186409,4569,112255,1697,75813,2371,40521,3070,39270,2868,120967,4134,5976407,NA,5420228,498,3133653,2911,1744971,6268,10663,1647,367948,4336,1636,459,15195,3210,146162,7123,5854,1319,140308,7083,556179,498
2014,25,Massachusetts,6745408,NA,1390685,916,461946,12562,39.4,0.2,0.4863,0.0031,37702,538,37288,310,1027761,15586,133271,5429,218769,7448,512158,11399,365816,9317,1077993,16983,594755,11778,131136,5157,112845,4628,6528886,4288,1737678,10246,187563,1241,187850,5441,206879,5410,127596,1122,102984,1559,48344,3829,53308,3181,145625,4831,178404,1105,181921,5458,197931,5436,122541,1177,105053,1420,51768,3077,54203,3199,139087,3546,6745408,NA,6015314,984,4977913,5629,439433,6253,8451,1565,411917,4862,414,233,42145,6102,135041,7397,12056,2164,122985,7413,730094,984
2014,26,Michigan,9909877,NA,2223636,1873,272760,9140,39.6,0.1,0.4598,0.0026,28204,388,26613,163,1709421,14114,271426,6659,499790,10200,1076213,14283,618746,10916,1105362,12648,529318,9649,115303,4600,77356,3632,9571271,5277,2555615,13907,292656,1840,311932,5559,326907,5624,206153,1592,139674,2092,79284,4207,70130,3709,222787,5229,276248,1790,296840,4727,316140,4992,196760,1543,136569,2203,70886,4183,77235,4757,209151,5171,9909877,NA,9434782,660,7500803,2543,1363958,7845,49741,2368,279628,3975,1851,699,14964,2838,223837,8671,5037,1193,218800,8703,475095,660
2014,27,Minnesota,5457173,NA,1283108,1558,186810,7737,37.8,0.1,0.4539,0.0035,33720,533,32638,280,827997,11498,115380,4271,245342,6458,548621,8643,404201,7415,834094,10954,295956,6532,75732,3980,52752,2701,5252805,3642,1398073,8131,176988,1850,186894,4230,182479,4262,110659,1661,72216,1597,35518,2866,36281,3117,110729,3526,170415,1580,176321,4108,177142,4273,102210,1164,69638,1657,36958,3119,35534,2794,104608,3976,5457173,NA,5180733,454,4437012,2786,307850,5706,52047,2563,249211,3682,1776,760,8098,2778,124739,6372,2187,694,122552,6362,276440,454
2014,28,Mississippi,2994079,NA,732553,1837,38329,3444,36.7,0.2,0.476,0.0068,26631,341,21036,302,466649,9475,119287,6914,115390,5440,334622,9588,167835,5889,254250,9001,112856,7040,26090,2656,17757,2001,2881773,4195,806652,8472,102537,2957,100070,4195,113883,4136,61304,2223,51902,3448,21286,2751,24976,2688,60249,3636,89470,2950,105284,3653,99228,3388,60777,2125,49952,3934,22928,3374,22087,2578,57436,3979,2994079,NA,2913513,2343,1712773,870,1128351,5284,11435,1550,23925,2265,458,384,2538,1310,34033,4181,623,401,33410,4173,80566,2343
2014,29,Missouri,6063589,NA,1392502,2866,112047,6180,38.5,0.1,0.4628,0.0037,28875,415,26126,251,1083421,15155,196334,5353,293320,8244,625111,12794,304044,7777,696669,12058,307730,9575,68066,3905,48246,3503,5843961,4074,1537651,10699,191577,2612,199757,5053,200311,5166,119643,2182,81643,2343,46834,3410,43050,3935,128662,5066,180647,2264,191476,4941,190627,5073,118464,2237,81840,2511,45715,2914,43634,3423,122942,4333,6063589,NA,5830264,2161,4847814,3135,703873,6282,23902,2392,105751,3866,3511,1139,14014,3240,131399,7031,2532,1473,128867,6809,233325,2161
2014,30,Montana,1023579,NA,224622,1327,11163,1562,39.6,0.3,0.4544,0.0077,25614,485,25989,438,179135,5009,34030,2842,45863,3444,124370,5198,57211,3500,135401,4062,48606,2864,11287,1593,8545,1430,988349,1611,236766,4714,30797,926,33567,1956,31601,1933,19295,825,15024,1267,8361,1568,8446,1504,20790,2101,28978,875,32392,1750,30822,1686,17170,900,13480,1147,6310,1290,8879,1516,21817,2193,1023579,NA,988911,565,887541,223,5718,1091,67973,2123,8042,1510,231,174,131,213,19275,2234,223,215,19052,2187,34668,565
2014,31,Nebraska,1881503,NA,467877,1629,71206,4455,36.2,0.2,0.4352,0.0055,30041,377,27446,352,288812,5833,44748,2749,95240,3808,188153,5302,126818,4505,247729,5860,82051,3726,18375,1574,13614,1512,1803373,2694,501598,5876,68198,1310,68607,2480,65623,2521,38349,1109,28304,1549,13101,1334,14410,1843,41501,2533,62170,1193,65254,2348,62921,2247,36755,1080,26713,1495,15247,1580,11454,1643,38195,2351,1881503,NA,1691223,787,1513607,990,86450,3092,13298,1231,38877,1649,829,593,1454,653,36708,3726,1150,664,35558,3536,190280,787
2014,32,Nevada,2839099,NA,662531,916,281175,9326,37.4,0.2,0.4427,0.0061,30229,230,25773,325,462876,11219,77938,4423,142022,6220,352787,9720,154943,6567,291473,8160,105579,5040,29796,2485,16615,2019,2736916,3379,699683,6967,89680,951,95689,3869,97166,4005,57147,1151,35486,1263,21072,2305,16852,1869,58708,2614,86055,1432,95201,3456,87324,3582,54269,1124,31910,843,17167,1850,18800,2110,56975,2928,2839099,NA,2049061,NA,1457400,1473,231626,3081,25142,1908,217722,4381,17860,1392,5175,1698,94136,5411,2613,1191,91523,5257,790038,NA
2014,33,New Hampshire,1326813,NA,267286,970,32278,2763,42.5,0.3,0.441,0.0084,35231,512,34691,569,228002,6138,37991,2772,55501,3413,119492,6145,91285,4301,201723,6114,92567,3643,17685,1897,14055,1985,1290944,1909,314674,4541,32713,723,37826,2185,38840,2204,26878,934,19909,1111,9386,1525,9515,1569,26977,1943,32369,869,35387,2132,38490,2202,24783,789,20956,1414,8789,1324,9441,1408,23250,1899,1326813,NA,1284361,730,1209818,929,15418,1843,2132,670,33689,2261,437,312,1027,480,21840,2575,686,401,21154,2565,42452,730
2014,34,New Jersey,8938175,NA,2012197,1147,821220,15643,39.4,0.2,0.4757,0.0036,38893,557,36593,300,1577888,18006,151835,6796,310162,8008,735270,12848,391582,10107,1415973,17840,633971,13243,146463,6029,94861,4675,8628695,5850,2272659,12194,271309,1316,280503,6328,292690,6560,183423,1471,116075,1788,58647,3689,60779,4286,175678,4287,260859,1718,270485,7126,280283,7025,172645,1440,105530,1816,54577,3096,58216,3497,168545,4727,8938175,NA,7209003,NA,5059967,3659,1145128,7465,9792,1191,823584,4585,2294,1036,36607,4496,131631,7823,12081,2238,119550,7826,1729172,NA
2014,35,New Mexico,2085572,NA,500078,1815,118740,7754,37.2,0.2,0.477,0.0071,25736,467,23683,436,299171,8727,63113,4314,81677,4673,240044,7869,109771,5494,206947,6867,110475,4634,19348,2180,26164,2737,2005740,3551,560799,8382,69600,1541,70875,3281,71762,3369,42398,1778,31962,2390,14728,2245,15640,1942,48763,3120,65816,1316,71043,3054,68622,2990,39962,1440,28525,1872,16343,2118,13110,1764,42601,3214,2085572,NA,1091418,NA,807748,1623,38178,2128,184866,2206,29579,2056,369,227,4788,2108,25890,2810,922,426,24968,2802,994154,NA
2014,36,New York,19746227,NA,4225273,2437,1894593,25716,38.2,0.1,0.5111,0.0027,34308,464,33095,228,3074611,26668,525296,11322,624873,12108,1552848,17732,1163427,15347,2651150,25950,1459502,19804,363125,10196,194205,7656,19062160,9613,4874923,18598,602093,1968,589130,8111,595271,8407,369832,1851,274959,3251,152681,6362,146620,5653,424999,7078,580199,2264,561029,7799,570433,8032,357286,2052,266295,2751,141024,5717,141693,6443,433071,6655,19746227,NA,16075938,1404,11122385,5763,2850956,11442,47372,3390,1600915,8073,3235,1076,100191,8348,350884,12721,33905,4034,316979,12387,3670289,1404
2014,37,North Carolina,9943964,NA,2290568,3386,450648,11665,38.3,0.1,0.4748,0.0032,28248,296,25774,193,1484395,16833,287890,7667,423979,9948,1035991,13623,614392,11939,1239857,17105,481543,10314,103494,5184,87670,4391,9592631,6714,2556055,14377,308893,3789,331846,7698,338313,8164,192893,3235,145347,4263,85012,5168,78759,4748,204640,6059,292649,3667,320523,8112,321767,7835,183684,3122,141514,4262,68039,4965,65043,4063,203105,5705,9943964,NA,9053363,1196,6359485,4159,2124971,9363,105548,3430,245542,4316,5185,1648,22434,4712,190198,10349,5414,1415,184784,10128,890601,1196
2014,38,North Dakota,739482,NA,167526,868,13050,1824,35.1,0.2,0.4664,0.011,32022,436,33071,950,115457,4034,17936,1646,33060,2488,79340,4311,64475,3549,94873,3685,24779,2189,6226,1101,5438,1085,709716,1582,182606,3666,25312,828,25647,1605,20138,1532,13394,838,13288,1371,5198,1146,9393,1712,22536,2521,24665,964,23868,1869,21815,1837,12687,614,11482,1373,5364,1101,6881,1483,18964,1815,739482,NA,718864,1228,641678,840,14834,1267,39122,2025,8784,981,88,82,251,195,14107,2353,274,240,13833,2370,20618,1228
2014,39,Ohio,11594163,NA,2635640,2960,216552,7944,39.4,0.1,0.4637,0.0025,30134,141,26937,181,2372992,19919,293571,7274,523788,11122,1079663,14728,659197,11371,1301747,14716,576319,11526,126136,5108,88016,3939,11190481,5938,2901361,15916,355624,2277,375321,8119,383255,8222,237218,2334,161173,2682,85752,4618,79991,4257,231420,6645,333811,2326,360673,7176,362884,7213,226854,2043,156772,2648,80045,4359,75371,4405,230539,5679,11594163,NA,11195457,1832,9277608,2747,1402190,9075,16856,1806,223984,4862,3026,1311,14657,2849,257136,9822,6878,2007,250258,9906,398706,1832
2014,40,Oklahoma,3878051,NA,952293,1266,138443,5124,36.2,0.2,0.466,0.0042,28548,476,25229,227,668381,9490,133054,3867,188500,5065,420738,8531,185914,5470,405799,8929,145813,4747,36137,2681,23619,2317,3719468,3530,997987,8760,135505,1753,141423,3191,132770,3390,80622,1652,58911,2404,29554,2746,28990,2155,85541,3997,128293,1745,133230,3734,126090,3704,74360,1415,53171,2229,28596,2512,29437,2932,81673,3256,3878051,NA,3499172,714,2597146,626,281252,4354,276829,5463,75854,2783,4436,911,1856,696,261799,7860,1776,709,260023,7850,378879,714
2014,41,Oregon,3970239,NA,858715,1785,212993,8602,39.3,0.2,0.4624,0.0051,27367,350,27646,249,541003,13366,125775,5374,223519,7076,495115,11119,231853,7170,528064,10563,224113,6852,54432,2864,39637,2897,3837169,3681,956494,8811,115247,1529,122200,4087,125526,4442,76321,1757,51756,1992,29242,3541,26295,2569,79203,3689,111221,1787,118470,4356,119481,4348,70249,1747,47032,2054,29123,2955,26317,2853,75599,4168,3970239,NA,3473448,NA,3052407,2154,68775,3409,35628,2882,157528,4163,13483,1711,5872,2221,139755,5812,1997,870,137758,5758,496791,NA
2014,42,Pennsylvania,12787209,NA,2700178,1900,360664,12817,40.7,0.1,0.4686,0.0026,31524,129,29220,198,2871756,20881,348571,8261,477418,10000,957508,11504,700919,11931,1554120,16640,729846,11905,159382,5964,124377,5476,12367779,6252,3011245,16096,362804,1810,374011,6048,398927,5850,244845,1815,184652,2862,92389,4700,87553,4534,259161,6116,348656,2218,357342,6563,382898,6605,230695,1702,177753,2066,91906,5315,88443,4798,246309,6212,12787209,NA,11949722,1034,9937668,4362,1359575,8543,16827,1901,396372,4858,2989,1288,23044,4848,213247,9047,7423,1558,205824,8791,837487,1034
2014,44,Rhode Island,1055173,NA,212555,650,63026,4517,39.8,0.3,0.4827,0.0095,31319,436,30830,653,173794,6750,34572,3162,37804,2713,95861,4771,59701,3690,131408,5182,61834,3447,14100,1576,13552,1919,1024485,1736,267358,4470,28216,976,30584,2007,30186,2028,20183,696,17246,865,9413,1492,7110,1144,24118,1725,26640,832,26823,1783,30652,1789,19271,630,17563,844,10669,1365,10460,1609,20168,1610,1055173,NA,907077,NA,781398,1569,58095,2455,4386,702,34934,1922,385,421,6084,2013,21795,3223,4329,1815,17466,2681,148096,NA
2014,45,South Carolina,4832482,NA,1083684,2092,129819,6175,38.8,0.1,0.4687,0.0051,26752,299,24596,309,839898,12597,149325,7674,187997,6848,486246,11175,288524,8986,543917,10129,232819,8602,46936,3501,33301,3061,4668976,4421,1207095,9753,147690,2322,160417,5236,153800,5258,91425,2461,72803,3483,42337,2976,38703,3682,99704,4769,139238,2833,151168,5173,151034,5415,88912,2234,67445,3008,31309,3252,36160,3595,99408,4353,4832482,NA,4575078,860,3082187,1352,1311369,6651,13607,1756,68331,2537,2916,1696,5476,1854,91192,6823,915,557,90277,6715,257404,860
2014,46,South Dakota,853175,NA,210893,1088,10591,1469,36.6,0.3,0.4468,0.0102,29003,998,26959,685,146637,4761,23485,2305,33854,2586,88120,4017,62802,3101,111108,4957,30003,2446,7382,1166,5723,1163,817645,1771,223281,3870,31479,989,28142,1626,30560,1461,17608,904,13124,1031,6097,1075,6337,1329,18714,1859,28876,1327,29852,1881,28502,1732,15874,868,12225,1143,5675,1204,6283,1195,18339,1859,853175,NA,824456,1214,709585,340,14260,1891,67725,2110,11001,1195,384,414,495,354,21006,2752,335,267,20671,2719,28719,1214
2014,47,Tennessee,6549352,NA,1492337,2059,183783,8556,38.6,0.1,0.4811,0.0045,26976,241,24922,265,1195880,16469,277667,7168,270428,7750,637701,14051,296099,8523,717801,12456,280082,8696,67725,3652,52699,3446,6312125,5175,1589191,10388,202916,2551,215227,5446,215137,5270,128638,2517,90838,3117,50932,3535,47593,4107,129163,5024,195439,2805,204461,5788,206838,5809,123681,2584,86589,3099,47668,3905,44473,3598,134686,5675,6549352,NA,6227013,1777,4881929,2029,1098287,6992,14900,2189,101866,3782,3036,1208,6263,2397,120732,7213,2323,1041,118409,7309,322339,1777
2014,48,Texas,26956958,NA,7115836,3925,2685393,31559,34.3,0.1,0.4827,0.0021,30284,112,27125,139,3526354,31942,772500,14793,1074624,15370,2772573,29104,1147113,21584,3104847,31267,1184625,17808,266893,8222,192664,7444,25813524,12058,7467266,26284,999785,5233,1023881,13446,1020697,13180,591851,4928,404720,6167,214193,9242,211247,8576,592182,9434,946603,4666,992466,12945,971999,12612,568554,4563,368444,4830,194754,7535,202308,7239,565386,9400,26956958,NA,16548720,1826,11708178,5418,3150560,12663,62460,4003,1151731,9003,17270,2086,34121,5987,424400,13052,20217,3769,404183,13072,10408238,1826
2014,49,Utah,2942902,NA,905549,945,141093,6954,30.5,0.1,0.4283,0.0054,27449,468,24877,300,346201,8094,45661,2813,137522,5081,329813,6788,168810,7165,353832,8046,127178,4847,26075,2188,23118,1864,2795749,3810,953887,8239,129197,1584,130228,3749,134190,3696,72825,1166,43610,1324,20526,2039,23350,2127,79195,3085,120612,980,129795,4214,120627,4078,68075,1414,42335,1570,21460,2817,26121,2817,76022,3581,2942902,NA,2545802,447,2330356,2210,31816,2045,30223,2339,64918,2748,24808,2191,5396,2191,58285,4698,806,442,57479,4571,397100,447
2014,50,Vermont,626562,NA,121810,737,11363,1382,42.8,0.3,0.4406,0.0096,30277,434,29178,770,120115,4165,14237,1338,24586,1878,57369,3391,34024,2292,91472,3360,43653,2698,10253,1456,7523,1019,608282,1158,146261,3132,16610,680,16705,1132,18260,1144,11540,484,10551,648,5363,820,4473,823,13721,1192,14271,524,17391,1399,15261,1386,11772,601,9601,780,3967,1073,4883,1028,13914,1313,626562,NA,615787,584,584101,1464,5899,992,2342,765,9933,1118,365,370,1351,850,11796,2212,78,75,11718,2223,10775,584
2014,51,Virginia,8326289,NA,1867537,3012,455843,12938,37.7,0.1,0.4658,0.0032,35108,245,34052,240,1164037,15591,218339,8621,339427,9497,781292,13182,408872,9709,1173872,15877,655001,13355,137648,5936,99818,4407,8027413,5816,2168651,16063,259667,3077,266350,6303,269238,6339,157367,2488,125933,4227,61395,4146,65574,4245,177115,6139,247883,2813,258101,6768,252916,6022,156015,3028,118913,4651,56637,4471,60297,3629,169593,5307,8326289,NA,7594318,2514,5242578,3799,1572488,9407,17392,1999,507648,6904,4336,1609,20639,4569,229237,10121,7506,2532,221731,9710,731971,2514
2014,53,Washington,7061530,NA,1602653,1723,458231,13079,37.5,0.1,0.4542,0.0037,33176,602,31841,259,903776,12893,186948,7209,371353,10802,799271,12356,479799,10338,1005685,15756,410459,9771,100407,4519,68225,3508,6799458,5339,1725154,12621,226666,2158,229863,4990,228002,4710,135705,1924,93844,3173,50561,4197,50949,4441,156394,5306,217540,1923,223126,5779,214078,5689,127673,1562,83494,2614,47453,3890,48428,4213,143270,4574,7061530,NA,6202752,NA,4960822,3247,242656,6857,80907,3818,550240,5298,43761,2201,9989,3333,314377,8888,5791,1947,308586,9229,858778,NA
2014,54,West Virginia,1850326,NA,383200,1796,11261,1961,41.9,0.2,0.4546,0.0074,27023,400,22714,391,444699,7960,88219,5489,74701,4015,164026,6707,84402,5166,152434,5625,70397,3494,14478,1798,10948,1476,1790661,2487,411243,5931,51405,1386,54299,3188,57182,2838,33836,1251,25195,1641,13987,2330,13457,1685,35450,2473,51147,1339,51976,3070,51962,2886,31393,1426,23050,1754,14349,1976,11694,1470,33594,2666,1850326,NA,1825823,1679,1713147,1738,67307,3348,3364,1104,11642,1694,90,152,1343,769,28930,3081,1060,744,27870,2959,24503,1679
2014,55,Wisconsin,5757564,NA,1299502,2211,141465,5856,39.2,0.2,0.4397,0.0041,30618,181,28213,263,1100818,15127,143850,4796,256185,6839,549750,9909,402829,7874,736544,11569,269393,7536,60549,2863,41608,2769,5560761,3437,1451402,9591,173403,1756,183965,4271,192793,4267,113806,1466,80600,1593,40788,2823,43969,2946,119437,4280,165685,1984,179230,3942,180088,4069,110532,1533,76802,1840,40151,3049,39469,2817,118684,3783,5757564,NA,5386582,455,4731591,967,357934,4085,46200,2281,149258,3160,1197,604,2751,1142,97651,5219,2062,770,95589,5185,370982,455
2014,56,Wyoming,584153,NA,137764,1281,13936,2394,36.6,0.4,0.427,0.0147,30822,561,29698,823,86194,4517,20565,1918,35128,2725,73289,4441,41611,3191,69557,4127,23807,2284,5370,1299,4599,963,562284,1711,144582,3518,18697,985,20333,1618,19531,1958,11946,1169,7761,1431,4139,903,6072,1081,12696,1464,19232,948,20415,1483,16726,1437,10884,1022,6960,1111,4931,1131,4082,841,10786,1262,584153,NA,527088,NA,490892,356,5912,968,13331,1433,5515,1069,837,674,149,234,10452,2125,248,265,10204,2100,57065,NA
2014,72,Puerto Rico,3548397,NA,772745,NA,49552,3726,39.3,0.2,0.5472,0.0067,16669,187,11241,192,608205,11020,61731,3421,34815,3365,257709,8025,223726,7213,417133,8916,113643,5769,32070,3094,23866,2826,3443825,3754,921168,9266,98195,2357,108880,5049,119508,5037,76457,2039,54383,2740,31360,2917,30689,3012,76738,3765,86093,2344,99287,4135,114830,3919,69495,1688,52495,2729,26952,2703,27359,2185,74999,3700,3548397,NA,34118,3817,23709,2697,3388,1422,0,220,2691,1546,118,139,1702,801,2510,870,0,220,2510,870,3514279,3817
2016,01,Alabama,4863300,NA,1099517,3370,93554,4933,39,0.2,0.4847,0.0053,29164,651,25810,318,831521,12112,179715,7395,201485,6430,509746,11271,271030,6698,506680,11497,226164,6511,48931,3306,33747,2934,4691088,4738,1186076,10683,143427,2872,162049,5181,155997,4919,103766,3257,68900,2735,35896,3123,34648,3318,91324,4316,143216,3084,150739,4343,145750,4811,94573,2462,68448,3164,37055,3320,31213,3289,95586,4789,4863300,NA,4663614,1768,3197147,1701,1294572,7002,21225,2500,65100,3675,1341,540,7537,2790,76692,6944,1956,1096,74736,6939,199686,1768
2016,02,Alaska,741894,NA,187296,588,22753,3204,33.5,0.3,0.4081,0.0106,36209,684,34187,844,107185,4057,26743,2428,34525,2823,95125,5155,40819,3685,90861,4162,36182,2838,8730,1355,5804,1279,709834,1695,187359,4358,27162,995,26386,1703,29741,1995,15986,1084,10746,1204,5080,1436,6496,1422,21626,1845,25333,1081,27275,1660,21327,1575,14086,1190,8011,993,4106,888,4848,982,14734,1297,741894,NA,690590,276,452757,719,21768,1683,104362,3286,44235,2934,9766,839,1741,1063,55961,5038,1176,959,54785,4943,51304,276
2016,04,Arizona,6931071,NA,1631422,1266,498587,12283,37.5,0.2,0.4713,0.005,30675,201,27997,288,924912,17080,180585,7105,344919,8422,834817,13922,390843,9507,835779,13503,359075,9336,84523,5192,56517,3204,6680106,6328,1761534,12424,222819,1782,237070,5076,230178,4746,142736,1240,100530,2084,53003,4097,50126,3526,144715,4822,213503,1751,222822,6583,225373,6579,136921,1413,94826,1954,47828,3980,49259,4481,132953,5139,6931071,NA,4786296,NA,3834724,2943,284478,5825,274472,4508,214132,4293,12834,1264,10072,2857,155584,8296,5187,1471,150397,8073,2144775,NA
2016,05,Arkansas,2988248,NA,707360,2248,87671,5281,38,0.2,0.4719,0.0059,27687,624,24264,375,552084,8641,129885,6438,135748,7000,313961,10298,133315,5681,282608,9219,118134,5826,26203,2376,18888,2380,2873456,3400,739490,8349,100122,2367,102581,4827,101091,4727,60384,2418,48382,2642,24532,2422,20078,2552,57971,3366,88594,2896,98710,4529,96242,4544,59636,2665,46649,2637,18671,1936,18105,2117,56052,3304,2988248,NA,2773704,1157,2175226,981,462232,4852,16096,1757,41387,2630,8808,1292,2917,989,67038,5209,1938,870,65100,5234,214544,1157
2016,06,California,39250017,NA,9093249,2512,4958970,36468,36.4,0.2,0.4899,0.0017,32499,285,33389,138,4784486,35035,606449,11052,1494632,19918,4107766,34892,2031775,21426,5426164,33141,2203376,25030,622302,11977,408628,11194,37793454,14152,10490279,33462,1268309,2629,1285980,15739,1303503,15222,785153,2282,533249,3921,299300,9411,302693,7627,853142,11151,1214113,2627,1238806,14126,1242791,14158,754594,2263,512158,3239,277954,8296,261938,8494,812093,9305,39250017,NA,23969241,NA,14725729,8629,2160958,12799,132153,5781,5518226,16185,137019,4940,105389,10984,1189767,20877,53908,5698,1135859,20603,15280776,NA
2016,08,Colorado,5540545,NA,1260512,1426,300755,11251,36.7,0.2,0.4586,0.0042,35274,231,34542,325,673089,12227,149055,6557,218245,7658,569121,11057,322529,8734,934273,12936,409712,8569,87779,3527,61117,3462,5339884,5125,1382107,12242,171169,1919,186510,5091,181804,5204,110425,1701,73792,2466,40201,3433,42939,3541,121916,5049,163902,1868,174609,5318,171977,5054,100116,1883,70324,2454,39912,3492,34529,3811,110914,5357,5540545,NA,4359327,NA,3796733,1461,220728,4871,28993,2717,173588,4497,7397,1329,6313,1483,125575,6462,3062,989,122513,6245,1181218,NA
2016,09,Connecticut,3576452,NA,752162,582,221505,8932,40.9,0.2,0.4945,0.0052,40323,363,41087,491,597334,12616,81442,4506,120316,4979,294834,8001,186288,6606,541369,10224,297488,7945,74865,3938,39866,3159,3469051,3357,914755,9110,94249,900,103998,3525,113021,3615,73495,849,55223,1504,24579,2909,27519,2762,77593,3369,90780,971,96890,3649,110989,3745,68740,774,51857,1194,25765,2471,25996,2339,68021,3465,3576452,NA,3014105,NA,2411769,2753,352345,5030,4968,1185,159838,3574,505,354,11451,3193,73229,6121,4472,1588,68757,5871,562347,NA
2016,10,Delaware,952065,NA,204237,234,42619,3556,40.6,0.4,0.4522,0.0109,35408,698,31712,745,188694,7699,23780,2675,44010,3925,78172,4242,52228,4128,121717,6057,58672,4302,12881,1971,11799,1751,919219,2013,227224,5599,28376,934,26153,2401,31329,2443,17692,652,12994,987,5766,1322,6683,1326,17633,1549,26865,773,28563,1960,27946,1989,17313,568,12835,1147,5768,1291,5472,1099,18130,1670,952065,NA,864913,NA,597331,751,203278,2658,3281,679,35591,1585,990,864,1419,782,23023,3174,718,602,22305,3194,87152,NA
2016,11,District of Columbia,681170,NA,120782,182,46918,4129,33.9,0.2,0.542,0.0121,50364,1289,50567,1813,73974,4472,11274,1838,16770,1890,45436,4113,14086,1780,115097,4458,98988,4741,38236,2985,20554,2188,654704,1876,168430,4464,22166,182,18314,1350,12478,1350,7905,214,9419,1208,5119,1316,6067,1342,15394,1563,21380,3,16395,1749,14397,1721,7747,192,12520,1249,6323,1368,4768,1413,20620,2105,681170,NA,606748,NA,247185,552,315848,2121,1529,398,25952,1216,41,68,1929,1466,14264,1936,802,479,13462,1862,74422,NA
2016,12,Florida,20612439,NA,4145140,3958,1734737,26671,42.1,0.1,0.4852,0.0027,29550,349,28621,196,3629364,31191,620369,14484,937204,17250,2023944,26941,1429121,24027,2675907,28563,1061264,17354,307323,10789,163962,7648,19944148,9362,4718808,25670,571177,3793,584249,10975,590156,10917,373330,3218,251999,4826,127474,7648,127686,7315,398858,10242,546290,3630,549007,11453,576320,11273,354611,3414,244773,4748,134681,7246,123103,6778,355054,8412,20612439,NA,15485861,555,11271384,6014,3162469,17985,38654,3286,550606,7178,10290,2163,70928,8151,381530,17713,25681,3898,355849,16898,5126578,555
2016,13,Georgia,10310371,NA,2510610,3089,558480,15326,36.5,0.2,0.4813,0.0039,31026,174,28183,279,1550795,23977,333285,10360,372145,9189,1022060,17184,518208,14034,1270275,16078,560593,10446,145085,7067,90323,4720,9922591,8143,2747236,17155,335338,4728,356009,8540,369785,8575,221046,3598,157075,5573,74925,4845,78818,5201,211523,6282,319540,4054,343955,10147,353683,9499,211254,4149,146200,4913,71872,5327,74993,4744,198960,6431,10310371,NA,9348037,2954,5484889,4687,3205543,13558,17417,2321,396429,6351,5134,1842,32116,8128,206509,12265,11456,2845,195053,12097,962334,2954
2016,15,Hawaii,1428557,NA,307765,757,102161,8309,38.9,0.3,0.442,0.0072,35514,493,32634,478,255380,7353,22363,2627,53877,3667,158800,5719,104261,4400,211850,6366,67803,3870,21989,2370,14951,1932,1374882,2411,331540,5911,47084,902,44921,2380,42337,2399,24182,1099,15260,1019,12388,1644,11379,1480,31785,2034,43638,906,41382,2196,41162,2212,23059,885,15556,1264,7317,1247,7050,1298,29120,1809,1428557,NA,1280407,NA,315242,457,24389,1916,1718,652,527847,10315,131672,4975,1852,746,277687,13351,2426,1046,275261,13207,148150,NA
2016,16,Idaho,1683140,NA,436457,1370,55421,4235,36.1,0.1,0.4503,0.0097,26998,446,25678,644,243314,8048,59552,4834,91151,5262,184334,6917,104375,6190,203363,7001,65673,4443,17642,1958,13732,1752,1616630,2710,454191,7745,58216,1458,65068,3291,62327,3062,38750,1670,23434,1667,14168,2404,11947,1713,32492,2608,55927,1439,61299,3278,59506,3199,35364,1731,23947,1583,11114,2186,11531,2169,30785,2399,1683140,NA,1475892,280,1385885,501,10184,1668,21522,1737,22993,2086,1910,1093,702,378,32696,2368,1554,1504,31142,2411,207248,280
2016,17,Illinois,12801539,NA,2922719,2483,840362,16386,37.9,0.1,0.481,0.0028,34774,493,32849,226,1942508,21493,307884,8770,559821,9832,1263305,17740,682989,11928,1813840,18696,830129,14153,188580,7028,109736,5086,12343102,7261,3286606,15903,394782,2654,416050,8357,421923,8259,259973,2282,173399,2772,88067,5221,87015,4708,269464,6222,374708,2155,391307,8884,408702,8662,255274,2342,166128,2783,85961,5211,81497,4184,262070,5701,12801539,NA,10622749,1616,7886677,3458,1790654,8660,15415,2212,679106,5814,3126,1193,18718,3487,229053,10906,11116,2193,217937,11100,2178790,1616
2016,18,Indiana,6633053,NA,1577533,3248,188215,7440,37.6,0.1,0.4527,0.0043,30906,153,27464,247,1250854,14078,231028,7938,291768,8690,608445,12852,374136,10901,716293,12562,301847,8620,64188,4197,42518,2834,6387865,5194,1684219,12275,215599,2600,225204,5777,225736,6163,142784,2251,95216,2892,48787,3800,49397,4232,147249,5128,204768,2742,218899,6106,211776,5831,132767,2536,93425,2941,51328,3561,48270,3811,129272,3814,6633053,NA,6184974,1492,5273458,3121,608667,6140,13870,1819,140694,4479,2786,1451,10478,2432,135021,7646,3555,1179,131466,7637,448079,1492
2016,19,Iowa,3134693,NA,726967,1893,86794,4752,38,0.2,0.4451,0.0053,31717,267,30047,380,569965,9618,79567,3897,150902,5514,287271,6852,234055,6212,398242,8617,135083,5328,35270,3213,24567,2609,3017234,3353,804741,6577,101624,1663,106846,3475,103171,3499,62008,1366,51206,2187,23015,2431,23356,1978,65716,3476,95863,1782,96945,3415,100797,3216,59713,1267,46582,2147,25028,3089,22321,2961,63482,3220,3134693,NA,2955631,1082,2708501,1895,108502,3057,8662,1427,74554,2577,3700,1693,2784,1525,48928,3734,684,619,48244,3717,179062,1082
2016,20,Kansas,2907289,NA,714919,2390,114459,5263,36.5,0.2,0.455,0.0051,31098,265,28950,338,419534,10229,76760,4059,147685,4977,290658,7869,157030,5732,390861,8760,170982,5866,37627,2756,21956,2373,2789271,3180,774902,8505,102723,2358,105298,3586,98663,3340,60986,1778,45709,2666,25181,2347,24977,2424,63588,3227,94683,2201,97372,4526,98246,4131,56948,2053,41883,1945,21602,2387,19609,2409,57885,3129,2907289,NA,2570380,914,2216482,1432,161027,4367,18397,2029,79100,3461,2922,1343,3221,1663,89231,5418,728,545,88503,5350,336909,914
2016,21,Kentucky,4436974,NA,1012457,3126,82213,5319,38.7,0.2,0.4813,0.006,30070,270,26046,323,769421,11453,198878,7489,196649,6100,443391,10260,256369,7708,419081,9942,202997,6861,51228,3344,29035,2568,4275617,4122,1085033,11236,139265,2235,142143,4565,145830,5053,90894,2154,64028,2990,29698,2697,31981,3030,95036,4861,133684,2521,136420,4417,138942,4169,85279,1897,66424,3936,31236,3042,30426,2552,80179,4306,4436974,NA,4285054,2234,3765752,3843,360428,6154,10692,2239,60837,2804,1934,880,7172,3467,78239,6214,1332,477,76907,6157,151920,2234
2016,22,Louisiana,4681666,NA,1117281,2324,97669,6850,36.5,0.2,0.499,0.0055,30261,266,25664,351,891304,16092,167969,7326,168026,6184,486089,14342,187288,7089,473299,9993,169554,6784,56083,3918,28970,2526,4492545,6358,1172916,10055,154248,3991,156195,4689,165946,5487,96348,3092,64783,3725,37523,3592,35543,4125,90029,4602,152715,3494,149594,6467,151253,6767,90982,3004,63793,3329,33245,3859,33890,3888,90559,4668,4681666,NA,4450498,2152,2754601,1816,1502898,6806,24319,2579,77518,2500,562,350,7665,2443,82935,7954,2328,1102,80607,7703,231168,2152
2016,23,Maine,1331479,NA,254951,952,19637,2641,44.5,0.2,0.4519,0.0076,30594,406,29604,536,272769,7530,45600,3077,57718,3385,130222,5218,94984,5205,181434,6126,79538,4145,18162,2222,12004,1191,1295874,2030,293857,4755,32762,886,38158,2125,35053,1987,24217,768,17552,821,8302,1401,6920,1433,24009,2234,31179,807,36695,2345,33904,2295,22983,772,17342,1119,8478,1486,7362,1136,19994,1884,1331479,NA,1310765,785,1243607,525,17963,1738,7130,1043,17499,1510,214,200,900,412,23452,2252,265,286,23187,2172,20714,785
2016,24,Maryland,6016447,NA,1346152,1207,410202,12157,38.5,0.2,0.4499,0.0029,41235,211,38662,328,914616,15381,131854,6750,237805,7543,541390,12525,268485,7818,860491,13680,528502,11492,128976,5097,103160,4815,5802819,4827,1540625,11709,186614,1523,193891,5320,191134,5145,117949,1305,78898,2231,38700,3508,39132,3213,121995,3894,176281,1448,182816,5206,183397,5295,114070,1386,74400,1861,36731,3342,35862,3275,122069,4343,6016447,NA,5429717,252,3092525,1782,1765641,8713,12217,1828,374779,4843,2101,1092,15752,2790,166702,9539,5944,2458,160758,9257,586730,252
2016,25,Massachusetts,6811779,NA,1378947,1077,484791,12782,39.5,0.1,0.4786,0.0034,40557,221,39771,315,1023967,14708,132529,6292,222787,7714,511845,11012,363356,8695,1124295,12174,629351,11631,140558,5149,126142,4739,6604293,4814,1737713,13563,183091,1533,184609,5329,209715,5255,127128,1270,102655,1876,56573,4136,49119,2982,142314,4633,176683,1436,179476,4905,194972,5111,123273,1463,106837,1892,52233,3723,48979,3777,146607,5542,6811779,NA,6032083,1053,4928862,6399,456681,7410,8154,1475,438614,5561,3006,1447,59495,7272,137271,8110,10523,2278,126748,7734,779696,1053
2016,26,Michigan,9928300,NA,2191183,2017,283164,9248,39.7,0.2,0.4695,0.0029,30456,126,29128,183,1702082,16930,276261,8627,516290,9896,1081902,14215,626128,12084,1162737,15121,547241,11010,119229,4842,80623,4121,9589851,5401,2488397,13964,292094,1844,305077,6157,318158,6091,204338,1738,138388,2618,75641,4712,76447,4615,211263,5882,279569,1812,294297,6733,300641,6627,197009,1874,132885,2148,71562,3939,72429,4074,198100,5038,9928300,NA,9436870,741,7474930,2554,1347079,8863,42919,2572,291323,4679,2462,770,15319,2866,262838,9941,6589,1512,256249,9591,491430,741
2016,27,Minnesota,5519952,NA,1288623,2282,194363,6252,37.9,0.2,0.4496,0.0039,36219,251,34515,297,821200,12811,116737,4483,246325,6821,550387,9795,429762,6577,860125,12101,304937,7754,78752,3847,53170,2817,5314323,4233,1392956,8070,181046,1754,186979,4398,182384,4462,110485,1553,71270,1878,40097,2633,38754,3270,107142,3865,170034,1706,180646,4323,172157,4218,104892,1593,69721,1853,35417,3243,35006,3326,108639,3673,5519952,NA,5231492,788,4444184,2188,325256,5540,57795,2495,257673,4440,1255,468,7324,1889,138005,7481,3183,1597,134822,6985,288460,788
2016,28,Mississippi,2988726,NA,723153,2331,32449,3752,37.2,0.2,0.4828,0.0066,27427,615,22694,384,477515,11964,125820,7132,111813,6243,327182,9565,177695,7168,264865,8398,113113,5560,27550,2514,20735,2405,2873238,4999,781666,8669,94031,3063,104309,4361,105471,4366,61735,2807,49112,4276,24949,3386,19542,2827,64207,4028,92799,2898,101070,4205,102888,4349,60850,3055,48117,3704,21922,2704,20071,2805,60631,3857,2988726,NA,2901993,2997,1698241,978,1131449,6136,12939,1518,26685,2259,631,519,2529,1230,29519,4601,672,485,28847,4632,86733,2997
2016,29,Missouri,6093000,NA,1390064,3084,117949,6731,38.4,0.2,0.4646,0.0047,30800,182,28406,306,1083372,11927,182014,5829,297778,9317,630017,11559,325244,8690,729511,12712,324191,9934,70157,4525,48791,3527,5873591,4026,1507305,11482,191627,2743,198922,5760,201255,5926,122664,2559,90219,3126,46123,3452,41094,3719,123776,4673,179905,2234,184491,5041,193077,5228,118123,2250,85245,2870,40096,3655,38372,3904,116997,4779,6093000,NA,5849433,1739,4852074,2661,698734,6984,27492,3041,116024,3534,7521,1982,10479,2983,137109,8212,2435,986,134674,8123,243567,1739
2016,30,Montana,1042520,NA,228674,1696,9611,1581,40.1,0.3,0.4667,0.0111,27162,707,28933,749,172231,5683,34184,3357,46019,2616,122204,4236,66134,3776,148944,4923,48718,3194,14909,1860,8035,1242,1009075,1828,242914,4813,31760,1145,32876,2299,33511,1788,21232,938,13305,1306,8446,1851,7141,1414,23006,2009,29383,1183,30599,2018,32098,2271,17215,933,13998,1511,6979,1336,7332,1370,21023,1821,1042520,NA,1005430,1084,900884,698,3439,985,62998,2387,8326,1411,547,320,574,601,28662,2674,322,294,28340,2660,37090,1084
2016,31,Nebraska,1907116,NA,474085,1247,78574,4593,36.3,0.2,0.4477,0.007,31448,229,29910,389,286360,6736,41988,2721,88321,4443,193039,6056,129795,5328,261931,6575,90070,3541,22938,2201,16033,1597,1827563,2603,505491,6482,66464,1388,65876,2675,70016,2488,39406,1154,27176,1279,14876,1720,15247,1770,39044,2358,65693,2071,66831,2674,62798,2384,37001,1045,26838,1376,15740,2065,13167,1831,37123,2372,1907116,NA,1704667,391,1519945,1020,87110,2983,13963,1292,41133,3290,1200,572,1719,974,39597,4131,530,374,39067,4098,202449,391
2016,32,Nevada,2940058,NA,677502,815,286133,9866,37.9,0.2,0.4577,0.0069,31132,263,28117,399,498977,12174,86080,4937,150003,5808,366900,8952,156342,6252,308547,10637,114345,5451,32605,3008,16278,1687,2834596,3496,700680,7743,94077,1098,95730,3403,97612,3178,58762,1162,33741,990,21110,2483,19394,2085,54350,2949,89284,1139,93877,4212,93228,4067,54932,1192,32540,1403,18485,2369,18005,2257,54321,2978,2940058,NA,2103432,NA,1463596,1646,249544,4700,26593,1897,240323,4638,18016,841,6566,1686,98794,7143,2009,682,96785,7100,836626,NA
2016,33,New Hampshire,1334795,NA,259841,1149,31074,3174,42.7,0.3,0.4304,0.0086,36144,490,36320,687,217686,7141,38559,3384,57739,3922,121538,4964,97488,4243,213461,6630,101003,5085,19392,2099,12822,1653,1296519,2198,307848,5228,34168,1032,37694,2238,37751,2359,25627,924,20070,1537,10277,1813,8141,1421,27221,2318,30310,1008,36428,2104,34738,2123,23125,806,18663,905,9329,1371,7278,1318,26389,1888,1334795,NA,1287524,886,1211076,980,15837,1602,1336,748,32455,2250,66,87,1645,1020,25109,2883,712,641,24397,2739,47271,886
2016,34,New Jersey,8944469,NA,1984439,845,832485,19514,39.5,0.1,0.4813,0.0027,40881,243,38911,293,1541029,20720,165044,7151,302184,8492,722105,13181,400332,11271,1460518,17545,670786,12006,153171,5541,95327,4593,8640545,6861,2239783,13490,265092,1319,280668,6848,287429,6996,181641,1260,113896,2302,54364,3445,58687,4474,180751,4773,255078,1219,270073,5961,272520,6025,171938,1236,104442,2053,58397,3509,50944,3149,167377,4314,8944469,NA,7157800,NA,4966755,4507,1130491,8225,8810,1274,849117,6132,2840,1656,40991,5698,158796,8920,17785,3283,141011,8867,1786669,NA
2016,35,New Mexico,2081015,NA,489514,1358,109643,7170,37.7,0.2,0.4769,0.0069,26949,547,25146,479,310743,9173,59765,4132,85075,4264,237950,8772,116674,5835,215691,6623,116006,5227,22128,2022,24408,2371,2006122,2602,539773,7866,62926,1761,68311,3454,74108,3337,44486,1707,30557,2379,12974,1778,18993,2277,40899,3630,62200,1612,69724,3854,67087,3882,40672,1463,28708,2026,14783,2659,13287,1993,39919,3348,2081015,NA,1071139,NA,787250,1938,37782,2373,178176,2835,30149,1760,1077,673,4299,1744,32406,3648,2647,1137,29759,3262,1009876,NA
2016,36,New York,19745289,NA,4179386,2412,1863443,29575,38.4,0.1,0.5129,0.0023,36263,175,35534,214,3036385,26917,538429,11013,637569,10073,1513289,18755,1191816,17949,2749619,27654,1521940,17492,391676,10635,204577,5851,19059878,10210,4843659,17841,589598,2271,598089,8436,577890,8215,369991,1995,264735,2759,143141,5431,136605,5074,417101,6779,569421,2050,555993,8453,566834,8203,351570,1947,261298,3424,137170,6122,135419,5886,416842,7101,19745289,NA,15997675,416,10962313,6417,2829419,12042,45228,3758,1654883,11344,6491,1702,106193,9582,393148,16062,36184,4931,356964,14964,3747614,416
2016,37,North Carolina,10146788,NA,2296894,3700,431767,10129,38.7,0.1,0.478,0.0041,30552,168,28156,285,1472415,17405,303471,10040,439327,11303,1042804,20645,654866,14174,1345615,18103,543876,12126,114036,4990,87578,5027,9790290,6203,2523926,17330,304611,3885,333322,6823,333660,7283,205413,3364,149350,5268,74457,5205,73032,4661,203182,5884,289982,4017,311186,7623,323611,7470,195109,2988,138673,4828,65038,4071,64304,4297,204673,5087,10146788,NA,9215678,1223,6438334,2989,2144650,10177,108345,3130,273281,4293,5376,1081,19620,4474,226072,10842,5751,1793,220321,10704,931110,1223
2016,38,North Dakota,757953,NA,174595,1261,12661,2182,35,0.3,0.4533,0.0122,35039,1167,33339,970,115825,4402,18353,1729,30672,2666,78544,4238,67554,3120,107578,4161,28550,2613,5718,1034,4477,847,723952,1695,181543,5131,29722,1319,24833,1713,24107,1809,12313,903,12091,1054,5746,1257,7419,1512,21504,1926,25176,876,24882,1690,20721,1607,12841,802,11582,1165,5938,1723,6256,1208,17807,1886,757953,NA,731519,1860,644710,219,18815,2301,40676,2213,9111,1755,233,278,127,99,17847,2495,149,157,17698,2510,26434,1861
2016,39,Ohio,11614373,NA,2608971,2717,219417,9674,39.3,0.1,0.468,0.0034,31289,146,29164,233,2333030,21754,305998,7689,530452,11844,1100077,18849,682507,11574,1362205,16368,598321,11011,130456,4677,88699,4031,11200305,6448,2830005,14525,355341,2716,367605,5567,370977,5306,237969,2199,157132,2800,88172,4392,74978,3837,233098,6122,337404,2246,344130,7626,369396,7497,226149,2483,148920,2730,74019,4183,79762,4390,227260,5539,11614373,NA,11194292,1636,9216496,3128,1421393,10007,15138,2396,237401,3712,3218,889,19951,3602,280695,10428,8097,2347,272598,10371,420081,1636
2016,40,Oklahoma,3923561,NA,961956,1308,139767,5554,36.4,0.2,0.4645,0.0046,30262,182,25880,271,674289,9190,128240,4730,186546,5194,417280,8646,203590,6236,432922,9518,157183,5110,35356,2767,23204,2247,3765877,3533,1004589,8638,135807,1813,139585,3772,139086,3993,80646,1442,57545,2216,30056,2419,27971,2419,87845,3435,128289,1648,132028,3937,131484,3700,75031,1630,52535,2319,30986,3167,29232,2276,73799,2826,3923561,NA,3519625,NA,2595562,1047,281976,4554,283500,6102,78185,3012,5717,1065,4059,1495,270626,7409,2386,1092,268240,7600,403936,NA
2016,41,Oregon,4093465,NA,868246,1742,203733,9125,39.2,0.2,0.4583,0.005,30897,230,30822,297,526763,12933,129130,6022,235544,7517,509988,12902,244515,8303,572508,9970,247973,7003,66154,3859,47895,3319,3955721,4527,960446,11044,121273,1935,124403,4065,122376,4048,76054,2094,51073,2408,29704,2957,25257,2665,80660,3867,113309,1907,116964,4020,120413,3788,73454,1899,50663,2292,25961,3040,26222,2914,77727,3651,4093465,NA,3570897,NA,3119464,1806,75516,3829,36097,3366,167053,4856,13830,2378,5961,1721,152976,7066,3203,1404,149773,7347,522568,NA
2016,42,Pennsylvania,12784227,NA,2674845,2231,369261,13074,40.6,0.1,0.4689,0.0026,32465,233,31272,168,2787677,22439,344767,8218,480857,9115,950374,14650,730217,11315,1676971,21471,765331,11753,175633,6165,129802,5488,12360468,5696,2975685,15762,364170,2258,372136,6146,388000,6609,245835,2146,178782,2636,89494,4658,87479,4726,247024,5866,345573,2247,358863,7225,369881,7084,230387,1912,177805,2860,84787,4565,89027,3959,233009,5563,12784227,NA,11884225,1330,9832127,3145,1351705,9163,13312,1807,420202,5099,2446,852,19352,4449,245081,10569,11714,3158,233367,10023,900002,1330
2016,44,Rhode Island,1056426,NA,208640,608,59841,4861,40.2,0.2,0.4781,0.0097,35343,733,33008,807,167783,7033,36262,3053,42281,3195,93088,5626,60183,3971,151195,5781,70435,4856,17015,2106,11620,1642,1025170,2164,264768,4729,27055,829,27350,2399,32382,2349,19723,678,16924,983,8636,1558,8109,1826,23037,2290,27089,875,24154,1947,31963,2210,18924,803,18443,768,9169,1481,8271,1711,21152,1861,1056426,NA,899074,NA,768815,2294,58523,2899,2913,950,36176,2125,1237,928,6210,2215,25200,3660,4138,1829,21062,3149,157352,NA
2016,45,South Carolina,4961119,NA,1099964,1515,129824,7564,39.1,0.2,0.4735,0.005,29640,573,27016,351,834907,14350,146762,6031,206995,6939,506103,13833,317549,10671,591086,11410,242201,7936,53013,3536,36206,3389,4787590,4973,1209286,10789,147935,3054,158922,5383,161475,4973,93286,2523,75806,3616,35609,3272,38434,3141,93460,4000,142077,3198,151040,5564,153145,5553,92084,2340,69583,3077,32606,3729,34292,3246,92889,4221,4961119,NA,4688328,3468,3161469,2864,1328097,8567,13805,2261,75511,3674,2179,1082,12827,3707,94440,7860,1402,610,93038,7911,272791,3468
2016,46,South Dakota,865454,NA,213901,1285,16180,1822,36.8,0.3,0.4495,0.0121,31032,338,28585,808,139760,4778,24150,2108,36532,2943,87087,3980,65093,3561,111002,4685,35829,2821,9174,1301,7256,1192,828912,2084,218239,3751,31203,927,32483,1871,29218,1827,18020,978,13962,1326,6895,1268,7059,1533,16722,1596,29689,932,29229,1722,28911,1859,15148,1105,12245,1277,6185,1232,5979,1192,16612,1585,865454,NA,833227,1422,713315,376,14332,1414,73570,2976,12901,1796,151,234,280,342,18678,2357,74,152,18604,2398,32227,1422
2016,47,Tennessee,6651194,NA,1503252,3130,179265,7003,38.6,0.2,0.479,0.004,30164,190,27087,283,1199477,16467,266460,8058,291978,8004,667520,13903,328595,9621,756055,14474,303704,8740,73385,4931,49711,3216,6412680,5735,1578309,11483,205836,3053,210516,6580,222281,6208,135068,2445,87114,3020,48520,4381,45446,4056,133995,5143,198332,3081,203658,5603,204881,5548,122680,2610,85345,2898,46821,3862,42619,3520,130884,5215,6651194,NA,6303752,2164,4929450,2243,1105799,8462,15049,2480,115106,3858,4732,2290,8919,2707,124697,9328,3934,1437,120763,8737,347442,2164
2016,48,Texas,27862596,NA,7291694,3776,2729342,33445,34.5,0.2,0.48,0.0021,31288,107,28714,144,3701336,36856,773375,15887,1073287,20060,2796013,27393,1259574,19634,3362678,30607,1281070,17892,295098,9096,196841,8112,26661365,12220,7603170,26459,1026904,5422,1035190,13040,1048942,12729,612565,4019,421215,6939,208370,9348,212797,7368,605925,11116,980007,5538,996058,14340,1002551,14504,589477,3593,382478,4911,201346,8153,195981,8748,567510,10092,27862596,NA,16979317,217,11843864,5014,3270776,14547,67038,4435,1281698,10510,20254,2694,38404,5355,457283,16630,21710,4681,435573,15979,10883279,217
2016,49,Utah,3051217,NA,921847,1148,145996,6908,30.7,0.1,0.4263,0.0069,30209,271,26993,391,354303,10796,50302,3902,145106,5046,327002,8088,178193,7488,381130,8023,140249,4695,33569,3299,25987,2398,2900413,3242,973643,9103,131212,1632,138340,4801,129523,4874,75251,1090,45875,2263,22152,2546,26946,2757,81940,3462,122210,1561,130315,4007,122857,4236,72139,1348,46467,1809,23540,2370,27791,2399,71415,2988,3051217,NA,2630777,NA,2401230,1818,30915,2907,26769,2003,69181,3265,28870,2118,3070,1370,70742,5186,2858,1420,67884,4835,420440,NA
2016,50,Vermont,624594,NA,118684,1002,11174,1733,43.1,0.3,0.4539,0.0093,32028,551,31836,740,112116,4503,16651,1652,22489,1779,53383,2992,40499,2932,92871,3198,46671,2857,12297,1560,8016,1131,607520,1269,143386,2887,16362,661,16479,1384,17395,1341,10864,573,10977,794,6650,1168,5506,1085,11012,1527,14102,523,16601,1298,16581,1203,10300,450,9629,879,4726,918,5719,1384,12128,1415,624594,NA,612048,1061,580616,446,7307,1024,2113,923,9406,1088,252,261,727,507,11627,1612,347,270,11280,1552,12546,1061
2016,51,Virginia,8411808,NA,1867560,3041,450469,12715,38.2,0.2,0.4705,0.0034,36282,250,36206,295,1147310,17427,225526,7171,347347,9486,769322,15912,438669,12167,1241751,18218,695229,11550,142532,5001,99173,4553,8116753,6349,2146237,14034,256888,3777,267476,6522,266690,6654,163766,3352,124499,4565,59338,4023,60847,4381,181253,5993,246894,3811,256036,6067,256983,6238,152827,3466,121565,4509,56590,4113,54856,4654,164127,5398,8411808,NA,7651197,3151,5235564,2770,1575478,10985,19718,2946,527900,7315,6769,1901,23107,3877,262661,12056,10199,2698,252462,11452,760611,3151
2016,53,Washington,7288000,NA,1629061,1890,485424,14010,37.7,0.2,0.4591,0.0046,36353,278,35284,366,917047,17127,194739,8270,374392,10042,804380,13792,491450,10500,1098509,13876,472318,10733,109063,5493,75820,4187,7024743,4987,1744806,11960,230624,2172,239496,5478,225869,5422,137147,2240,92040,2549,49734,3849,45970,3632,156409,4790,219320,2062,226679,5197,216737,4867,133189,2145,88401,2676,50069,4815,42229,3417,137532,4428,7288000,NA,6381549,882,5053546,1957,254841,7763,79382,4552,591025,8390,46683,2937,10670,2638,345402,13206,4779,1454,340623,12872,906451,882
2016,54,West Virginia,1831102,NA,376883,1825,15776,2199,42.3,0.3,0.4711,0.0082,27617,1034,24769,486,422721,8992,89507,4501,74822,4365,158855,5615,95794,4736,162243,6282,78802,4753,16651,2177,11061,1680,1769689,2850,394881,6305,51303,1360,52104,2781,54586,2972,33003,1596,23840,1986,13449,2153,13490,2004,34140,2843,50365,1744,50726,2825,52158,2634,32638,1582,23461,2425,10885,1849,11838,1976,31359,2764,1831102,NA,1804319,2423,1684936,2541,68738,3213,3734,1230,13777,1617,404,375,3361,1493,29369,3344,158,124,29211,3319,26783,2423
2016,55,Wisconsin,5778709,NA,1284991,1993,141998,6210,39.4,0.1,0.4498,0.0037,32038,162,30902,276,1083082,13070,139525,5902,272788,7106,539603,9586,420412,8723,758503,11623,288536,6850,69338,3209,43798,3124,5576816,4295,1428041,9926,170858,1812,183105,4688,188194,4798,114858,1704,78831,1909,43481,3480,39791,2784,123255,5014,163233,1811,177024,4240,177489,3806,110230,1740,76772,1895,42667,3351,42643,2560,112949,3691,5778709,NA,5391694,573,4718160,1374,355473,4430,48653,2311,154748,3128,987,372,3230,979,110443,6381,3265,1158,107178,6351,387015,573
2016,56,Wyoming,585501,NA,140860,1641,10847,2111,37.2,0.4,0.436,0.0128,31526,816,30042,845,93204,4177,21420,2822,30127,2639,67834,4037,45601,3765,67845,3782,26068,2568,6551,1380,5453,1071,562405,1703,151204,4267,20532,1363,21936,1802,18484,1812,11115,1051,7349,1175,4365,1136,3798,1272,12752,1682,17341,1235,22038,1761,18769,2161,10645,1253,8356,1202,4585,989,2953,1048,9689,1437,585501,NA,529237,683,494078,768,5400,1450,12328,1443,5815,1329,173,217,211,376,11232,1799,543,628,10689,1737,56264,683
2016,72,Puerto Rico,3411307,NA,695876,NA,43178,4152,40.7,0.2,0.5419,0.0073,16878,194,11952,248,591067,14291,66456,4448,41330,3649,257096,7922,237746,7256,433120,11357,112925,5908,26678,2967,27168,3374,3320331,3186,846874,8391,82575,2463,95153,4072,107834,4180,73121,2298,50958,2605,27103,2357,26708,2587,68367,4159,77178,2322,90318,4178,103435,3921,66262,2280,47884,2976,26245,2402,25310,2698,70659,3379,3411307,NA,45466,5205,36168,4848,2517,919,225,220,2067,986,89,95,2251,937,2149,1197,239,260,1910,1153,3365841,5205
