GEOID,year,d14,d16,state,st,poptotal,noncit,popu18,popu25,pop3o,pop324,vapacs,medage,incmed,incpc,gini,hs,ged,some1,some2,assoc,bacc,mast,prof,phd,enroll,pop_check,nothilat,white,black,amind,asian,hawpi,other,multi,hilat,white_prop,black_prop,amind_prop,asian_prop,hawpi_prop,other_prop,multi_prop,hilat_prop,nonwh_prop
01,2012,0,0,Alabama,AL,4822023,96368,1124975,1612377,4645710,1436064,3600680,38.2,26574,22815,0.4726,826740,176803,189488,516444,238555,472037,193901,50713,30508,1220639,4822023,4636582,3212468,1267479,22791,58679,1194,3926,70045,185441,0.6662075232739454,0.26285212658670437,0.004726439504747281,0.01216895896182992,2.476139163998181e-4,8.141811019980618e-4,0.014526060949937402,0.03845709570443774,0.3337924767260546
01,2014,1,0,Alabama,AL,4849377,92960,1108600,1592611,4678136,1421370,3647817,38.6,26934,23606,0.4758,847523,181142,198029,511129,256777,478058,201391,51876,33082,1190580,4849377,4656964,3205535,1285731,21424,57764,1316,6590,78604,192413,0.6610199619456273,0.26513323257812293,0.004417887081165271,0.011911633185046244,2.7137506529189214e-4,0.00135893744701639,0.016209092425686845,0.03967788027204319,0.3389800380543727
01,2016,0,1,Alabama,AL,4863300,93554,1099517,1562587,4691088,1390375,3670229,39,29164,25810,0.4847,831521,179715,201485,509746,271030,506680,226164,48931,33747,1186076,4863300,4663614,3197147,1294572,21225,65100,1341,7537,76692,199686,0.657402792342648,0.26619209178952563,0.004364320523101597,0.013385972487816915,2.7573869594719634e-4,0.0015497707318076204,0.01576953920177657,0.04105977422737647,0.342597207657352
02,2012,0,0,Alaska,AK,731449,20671,187265,266855,698740,234146,523513,33.8,34405,31890,0.4232,106047,24230,34575,94145,38287,79559,36321,8545,5699,195535,731449,687763,460453,24615,100602,42358,8007,780,50948,43686,0.6295080039756702,0.03365238041203146,0.13753795548288397,0.05790971072487624,0.010946764572786346,0.001066376466438535,0.06965352334885959,0.05972528501645364,0.3704919960243298
02,2014,1,0,Alaska,AK,736732,21385,186769,271583,704965,239816,528578,33.3,36843,33062,0.4175,108523,23464,35472,96087,38086,85634,33103,7223,4304,195830,736732,687456,455009,23608,101285,43532,8331,1735,53956,49276,0.6176045020441626,0.03204421689298144,0.13747875754005526,0.059087972288430525,0.011308046888149287,0.0023549947606456624,0.07323694369187167,0.06688456589370355,0.3823954979558374
02,2016,0,1,Alaska,AK,741894,22753,187296,262943,709834,230883,531845,33.5,36209,34187,0.4081,107185,26743,34525,95125,40819,90861,36182,8730,5804,187359,741894,690590,452757,21768,104362,44235,9766,1741,55961,51304,0.6102718178068565,0.029341118812121408,0.14066969135752547,0.059624420739350904,0.013163605582468655,0.0023466964283307317,0.07542991316818845,0.06915273610515787,0.38972818219314354
04,2012,0,0,Arizona,AZ,6553255,487791,1619585,2272791,6299433,2018969,4445879,36.6,28645,24600,0.4608,864774,173396,309290,790409,360519,735758,310661,77074,47093,1753081,6553255,4577151,3730370,264171,262675,185306,10868,7219,116542,1976104,0.5692392559117568,0.04031141776109735,0.040083134259234536,0.02827694023809542,0.0016584124988269187,0.0011015899732270452,0.017783834140438607,0.3015454152173233,0.43076074408824316
04,2014,1,0,Arizona,AZ,6731484,514527,1622071,2295258,6482310,2046084,4594886,36.9,29737,25715,0.4676,899108,180704,344474,794213,376649,765784,328400,74530,53578,1757664,6731484,4675028,3777085,265671,266580,206338,11496,7948,139910,2056456,0.5611073278938196,0.03946692883768275,0.03960196592608703,0.030652676289507633,0.0017077957847036404,0.0011807203285337973,0.020784421384645643,0.30549816355501996,0.43889267210618044
04,2016,0,1,Arizona,AZ,6931071,498587,1631422,2304662,6680106,2053697,4801062,37.5,30675,27997,0.4713,924912,180585,344919,834817,390843,835779,359075,84523,56517,1761534,6931071,4786296,3834724,284478,274472,214132,12834,10072,155584,2144775,0.553265721848759,0.04104387330616004,0.03960022917093188,0.030894503894131224,0.0018516618860202124,0.0014531664731179351,0.02244732451882256,0.3094435189020571,0.446734278151241
05,2012,0,0,Arkansas,AR,2949131,78901,711629,999749,2836698,887316,2158601,37.6,25737,21643,0.4632,566530,119419,129405,308735,118932,269141,101528,22334,16106,752357,2949131,2751266,2179168,458695,16106,38877,5221,2163,51036,197865,0.7389186848600486,0.1555356476195869,0.005461269777436133,0.013182527327541571,0.0017703520121690084,7.334363919405412e-4,0.017305436754081117,0.0670926452571961,0.26108131513995136
05,2014,1,0,Arkansas,AR,2966369,89761,706140,997955,2859437,891023,2170468,37.8,26367,22883,0.4714,568437,118349,131244,316818,123871,272411,104636,24531,19380,746254,2966369,2760606,2176186,465816,15471,36406,7148,3372,56207,205763,0.7336194519292778,0.15703238538428632,0.005215467124959842,0.012272916821878869,0.00240967998249712,0.0011367432709821334,0.018948080970371522,0.06936527451574635,0.2663805480707222
05,2016,0,1,Arkansas,AR,2988248,87671,707360,997800,2873456,883008,2193217,38,27687,24264,0.4719,552084,129885,135748,313961,133315,282608,118134,26203,18888,739490,2988248,2773704,2175226,462232,16096,41387,8808,2917,67038,214544,0.7279268655078159,0.15468327929944234,0.005386433789966562,0.013849921425530947,0.002947546522243134,9.761572667328816e-4,0.022433880989797365,0.07179591519847081,0.27207313449218407
06,2012,0,0,California,CA,38041430,5003267,9239306,13261646,36575440,11795656,23798857,35.5,30502,28341,0.4822,4558433,549534,1411077,4054381,1959097,4865203,1861112,569482,364732,10678252,38041430,23503769,14904055,2150453,145112,5047744,137403,83285,1035717,14537661,0.39178482512355606,0.05652923667695983,0.0038145779483053084,0.13269070063875096,0.0036119304663363074,0.0021893235874676635,0.0272260269921504,0.38215337856647347,0.6082151748764439
06,2014,1,0,California,CA,38802500,4983781,9151579,13148208,37329816,11675524,24667140,36,31232,30441,0.489,4768478,592375,1463370,4097190,2002684,5120162,2035257,586986,394265,10531321,38802500,23813730,14849129,2155733,135245,5329431,137838,96073,1110281,14988770,0.3826848527801044,0.05555654919141808,0.003485471296952516,0.13734761935442305,0.0035522968880871077,0.002475948714644675,0.028613646027962115,0.38628361574640807,0.6173151472198957
06,2016,0,1,California,CA,39250017,4958970,9093249,12945776,37793454,11489213,25197798,36.4,32499,33389,0.4899,4784486,606449,1494632,4107766,2031775,5426164,2203376,622302,408628,10490279,39250017,23969241,14725729,2160958,132153,5518226,137019,105389,1189767,15280776,0.3751776464198729,0.055056230931059214,0.0033669539557142102,0.14059168432971633,0.0034909284243112557,0.002685068900734489,0.030312521902856757,0.38931896513573483,0.6248223535801272
08,2012,0,0,Colorado,CO,5187582,273349,1231307,1742928,4989990,1545336,3682926,36.2,31326,30329,0.4579,619568,132632,209243,580017,288253,818469,342776,76550,53211,1395046,5187582,4098840,3599838,204851,29779,144241,4730,7364,108037,1088742,0.6939337055298596,0.03948872519027169,0.005740439380042571,0.027805054455042832,9.117928159978966e-4,0.0014195438260060276,0.02082608043593335,0.20987465836684605,0.30606629447014044
08,2014,1,0,Colorado,CO,5355866,297577,1247145,1771403,5156812,1572349,3811144,36.3,32379,32357,0.4584,640470,143346,228712,564212,294629,862158,373532,75829,62693,1404518,5355866,4220759,3686726,205894,30777,155985,6092,7508,127777,1135107,0.6883529199572954,0.038442709358299854,0.005746409637582419,0.029124141642079916,0.0011374444394239886,0.001401827454234292,0.023857392996762802,0.2119371545143213,0.3116470800427046
08,2016,0,1,Colorado,CO,5540545,300755,1260512,1795039,5339884,1594378,3979278,36.7,35274,34542,0.4586,673089,149055,218245,569121,322529,934273,409712,87779,61117,1382107,5540545,4359327,3796733,220728,28993,173588,7397,6313,125575,1181218,0.6852634533245375,0.039838680129842825,0.005232878715000059,0.03133049185594558,0.0013350672181166293,0.0011394185951021064,0.022664737855210993,0.21319527230624424,0.31473654667546247
09,2012,0,0,Connecticut,CT,3590347,238122,792766,1132369,3479966,1021988,2559459,40.4,36914,36891,0.4915,607054,75153,130546,302473,182429,503440,294155,73294,40248,954957,3590347,3079700,2512773,339063,6099,146701,2233,10714,62117,510647,0.6998691212854914,0.09443739003500219,0.001698721599889927,0.04085983889579475,6.219454554114128e-4,0.0029841126776882568,0.017301113235016003,0.14222775681570612,0.3001308787145086
09,2014,1,0,Connecticut,CT,3596677,232228,774876,1124859,3487342,1015524,2589573,40.5,38443,39373,0.5005,599611,80663,133471,288203,184589,527472,298684,71642,42316,928526,3596677,3055524,2465919,349742,4731,149568,630,12292,72642,541153,0.6856103564484661,0.09724031376740253,0.0013153808362552433,0.041585051979924806,1.7516168396550482e-4,0.003417599078260294,0.020196976264479687,0.15045915994124576,0.31438964355153387
09,2016,0,1,Connecticut,CT,3576452,221505,752162,1108715,3469051,1001314,2602785,40.9,40323,41087,0.4945,597334,81442,120316,294834,186288,541369,297488,74865,39866,914755,3576452,3014105,2411769,352345,4968,159838,505,11451,73229,562347,0.6743468107498717,0.09851802848185856,0.0013890861669609994,0.044691778332268964,1.4120139177039144e-4,0.003201776509233173,0.020475320233572267,0.15723599813446398,0.3256531892501283
10,2012,0,0,Delaware,DE,917092,36062,204920,298480,882536,263924,676110,39.2,31770,28705,0.4356,173099,21805,38540,86847,44331,111921,52001,9864,8903,236066,917092,838279,589642,191258,2543,30485,101,4138,20112,78813,0.6429474905462047,0.20854832448652916,0.0027728951948114257,0.03324093984027775,1.1013071752888478e-4,0.0045120882092527246,0.021930188029118124,0.08593794297627719,0.3570525094537953
10,2014,1,0,Delaware,DE,935614,37384,203842,295271,903972,263629,694388,39.6,32825,30488,0.4494,178275,21472,37791,85470,50787,116931,57035,10712,11203,235650,935614,852288,594488,197763,2817,36038,216,1556,19410,83326,0.6353987862515952,0.2113724249530255,0.003010857041472231,0.03851802132075835,2.308644376847717e-4,0.0016630790048032629,0.02074573488639546,0.08906023210426522,0.3646012137484048
10,2016,0,1,Delaware,DE,952065,42619,204237,289518,919219,256672,705209,40.6,35408,31712,0.4522,188694,23780,44010,78172,52228,121717,58672,12881,11799,227224,952065,864913,597331,203278,3281,35591,990,1419,23023,87152,0.6274056918382673,0.2135127328491227,0.0034461932746188547,0.03738295179425775,0.0010398449685683226,0.001490444454947929,0.024182172435705546,0.09153996838451156,0.37259430816173267
11,2012,0,0,District of Columbia,DC,632323,50687,109452,192792,608482,168951,472184,33.7,44980,45307,0.5343,69175,11906,15782,45655,14083,100904,77488,38125,16274,159737,632323,569597,222975,308286,1566,21717,54,1659,13340,62726,0.35262832444810643,0.4875451312066776,0.0024765823795749957,0.034344788976519915,8.539939239913779e-5,0.0026236591109290663,0.02109681286304626,0.09919930162274661,0.6473716755518936
11,2014,1,0,District of Columbia,DC,658893,51013,115030,195682,633315,170104,492850,33.8,46000,45877,0.5224,71358,12855,16560,46376,15936,112706,86777,36729,18460,164598,658893,590537,235433,314473,1218,24540,137,1348,13388,68356,0.3573159830200048,0.47727476236657546,0.0018485550764691687,0.037244287008664535,2.0792450367510353e-4,0.0020458557003944495,0.02031892887008968,0.10374370345412684,0.6426840169799952
11,2016,0,1,District of Columbia,DC,681170,46918,120782,201012,654704,174546,513470,33.9,50364,50567,0.542,73974,11274,16770,45436,14086,115097,98988,38236,20554,168430,681170,606748,247185,315848,1529,25952,41,1929,14264,74422,0.3628829807537032,0.4636845427719952,0.0022446672636786706,0.038099152928050266,6.0190554487132436e-5,0.0028318921855043527,0.02094044071230383,0.10925613283027731,0.6371170192462968
12,2012,0,0,Florida,FL,19317568,1654785,4000973,5813821,18689114,5185367,13661810,41.1,26604,25428,0.4828,3457338,562857,863192,1939033,1236800,2329936,874523,272260,146350,4688008,19317568,14833367,10966711,2958587,41291,477131,10245,51896,327506,4484201,0.5677066077883096,0.15315525225535637,0.002137484387268625,0.024699330681791826,5.303462630492616e-4,0.0026864665365743763,0.016953790456438408,0.23213072163121154,0.4322933922116904
12,2014,1,0,Florida,FL,19893297,1677483,4054023,5852101,19260349,5219153,14161791,41.6,27250,26582,0.4834,3557737,593563,900683,2004771,1358245,2448663,964916,261794,155131,4674255,19893297,15104427,11055931,3083879,38726,517141,13361,59892,335497,4788870,0.5557616216155623,0.15502101034333324,0.0019466858610716967,0.025995741178548734,6.716332642095476e-4,0.003010662335157415,0.016864826378453004,0.2407278190236641,0.4442383783844377
12,2016,0,1,Florida,FL,20612439,1734737,4145140,5908768,19944148,5240477,14732562,42.1,29550,28621,0.4852,3629364,620369,937204,2023944,1429121,2675907,1061264,307323,163962,4718808,20612439,15485861,11271384,3162469,38654,550606,10290,70928,381530,5126578,0.5468243714390131,0.15342526908145127,0.0018752754101540336,0.02671231677144078,4.992131207762459e-4,0.003441028982547868,0.018509696984427705,0.248712828210189,0.4531756285609869
13,2012,0,0,Georgia,GA,9919945,532256,2495747,3516107,9540591,3136753,6891942,35.7,28282,24321,0.4809,1492541,318325,365365,1007268,453039,1140757,468599,123173,74746,2797844,9919945,9015602,5460416,3023619,17070,335167,2458,18170,158702,904343,0.5504482131705367,0.30480199234975597,0.0017207756696231682,0.03378718329587513,2.477836318648944e-4,0.001831663381198182,0.015998274183979852,0.09116411431716608,0.4495517868294633
13,2014,1,0,Georgia,GA,10097343,537376,2491421,3520935,9716948,3140540,7068546,36.1,29939,25615,0.4801,1552824,317143,372490,1016920,462543,1199733,503513,126094,81260,2780545,10097343,9175228,5474262,3116136,16968,370080,6338,22687,168757,922115,0.5421487613127532,0.3086095025196232,0.0016804420727314106,0.0366512259710302,6.2768987841653e-4,0.002246828695430075,0.016713010541486013,0.09132253900852927,0.45785123868724675
13,2016,0,1,Georgia,GA,10310371,558480,2510610,3524976,9922591,3137196,7241281,36.5,31026,28183,0.4813,1550795,333285,372145,1022060,518208,1270275,560593,145085,90323,2747236,10310371,9348037,5484889,3205543,17417,396429,5134,32116,206509,962334,0.5319778502635841,0.31090471914153234,0.0016892699593448188,0.03844953784883202,4.979452242795143e-4,0.0031149218587769537,0.020029250159863305,0.09333650554378693,0.46802214973641587
15,2012,0,0,Hawaii,HI,1392313,99990,302881,440032,1340261,387980,989442,38.3,31475,28099,0.4257,244511,24793,49630,159959,95686,186586,66566,22483,10581,336071,1392313,1260570,317032,24104,2069,520824,130717,2760,263064,131743,0.2277016734024605,0.017312199196588697,0.0014860164345229844,0.3740710601710966,0.09388478021824116,0.001982312885105576,0.1889402742055845,0.09462168348639997,0.7722983265975395
15,2014,1,0,Hawaii,HI,1419561,95635,308354,444975,1364015,389429,1015572,38.1,33473,29736,0.4325,256074,21593,55478,156064,102149,200315,66113,22015,13896,335539,1419561,1276323,325266,28383,1533,518355,132722,1125,268939,143238,0.22913140048226177,0.01999420947743704,0.0010799113246982694,0.3651516208179853,0.09349510165466648,7.924985259527417e-4,0.1894522320632928,0.10090302565370561,0.7708685995177382
15,2016,0,1,Hawaii,HI,1428557,102161,307765,437620,1374882,383945,1018631,38.9,35514,32634,0.442,255380,22363,53877,158800,104261,211850,67803,21989,14951,331540,1428557,1280407,315242,24389,1718,527847,131672,1852,277687,148150,0.2206716287834507,0.017072472431971564,0.0012026121463826784,0.36949663191598237,0.0921713309304424,0.001296413093772247,0.194382863266919,0.10370604743107906,0.7793283712165493
16,2012,0,0,Idaho,ID,1595728,53607,424752,582942,1529311,516525,1117369,35.2,23730,22053,0.4302,229196,51266,88109,191670,91295,175020,56911,14927,11035,454364,1595728,1410569,1330942,8263,17157,18757,1686,1917,31847,185159,0.8340657054335074,0.005178200796125656,0.010751832392487943,0.011754509540473064,0.0010565710446893205,0.0012013325579296721,0.019957661957426327,0.11603418627736055,0.16593429456649256
16,2014,1,0,Idaho,ID,1634464,54769,431265,589271,1569382,524189,1148430,35.9,25145,23938,0.4541,240690,54172,96818,191639,97174,175108,58255,16311,11848,445627,1634464,1437552,1352954,10317,17847,22647,1646,1086,31055,196912,0.8277661667678211,0.006312161050962273,0.01091917595003622,0.013855918515182959,0.001007057971298236,6.644380053644497e-4,0.019000112575131664,0.12047496916420307,0.1722338332321789
16,2016,0,1,Idaho,ID,1683140,55421,436457,595875,1616630,529365,1191262,36.1,26998,25678,0.4503,243314,59552,91151,184334,104375,203363,65673,17642,13732,454191,1683140,1475892,1385885,10184,21522,22993,1910,702,32696,207248,0.8233925876635336,0.00605059591002531,0.012786815119360244,0.01366077688130518,0.001134783796950937,4.1707760495264805e-4,0.019425597395344416,0.12313176562852764,0.17660741233646637
17,2012,0,0,Illinois,IL,12875255,877225,3063051,4316360,12403972,3845077,8934979,37,31329,28741,0.4716,2006099,307103,565971,1264199,647039,1684348,751407,175113,96485,3478102,12875255,10775247,8093687,1825624,12917,612771,3484,16159,210605,2100008,0.6286234330892864,0.14179323050300752,0.001003242265881336,0.047592921460584664,2.7059658235895133e-4,0.0012550431040006585,0.016357345932177653,0.16310418706270283,0.37137656691071363
17,2014,1,0,Illinois,IL,12880580,844915,2984734,4241504,12417902,3778826,9050931,37.5,31994,30417,0.4765,1985764,319917,567622,1240128,670372,1737022,808866,178177,109342,3379651,12880580,10729074,8006397,1812812,14333,659915,4616,20358,210643,2151506,0.6215866832083649,0.14073993562401693,0.0011127604502281729,0.05123332955503557,3.583689554352366e-4,0.0015805188896773283,0.01635353376944206,0.16703486954779986,0.37841331679163515
17,2016,0,1,Illinois,IL,12801539,840362,2922719,4136320,12343102,3677883,9038458,37.9,34774,32849,0.481,1942508,307884,559821,1263305,682989,1813840,830129,188580,109736,3286606,12801539,10622749,7886677,1790654,15415,679106,3126,18718,229053,2178790,0.616072567524889,0.13987802560301538,0.0012041520945255098,0.05304877796333706,2.441893900413068e-4,0.0014621679471507293,0.017892614317700395,0.1701975051593406,0.38392743247511096
18,2012,0,0,Indiana,IN,6537334,176375,1589419,2258389,6288186,2009241,4771540,37.3,27386,23898,0.4417,1288444,222358,283019,602891,347606,643210,259870,55872,43157,1753514,6537334,6128434,5289249,590436,12462,107176,1722,9667,117722,408900,0.809083488773864,0.09031755146669881,0.0019062816738444142,0.016394450704216735,2.634101301845676e-4,0.0014787373568491376,0.018007646542153116,0.06254843335218914,0.19091651122613595
18,2014,1,0,Indiana,IN,6596855,175002,1583674,2253939,6351063,2008147,4838179,37.4,28977,25140,0.4455,1263948,224065,288684,625951,367996,682893,290178,55635,41896,1727143,6596855,6171390,5293743,605194,10818,129562,2164,10049,119860,425465,0.8024646592959827,0.09173977599932089,0.0016398723331041837,0.019639964801409157,3.2803510157491716e-4,0.0015233016338846313,0.018169263990189265,0.06449512684453425,0.19753534070401735
18,2016,0,1,Indiana,IN,6633053,188215,1577533,2240477,6387865,1995289,4867305,37.6,30906,27464,0.4527,1250854,231028,291768,608445,374136,716293,301847,64188,42518,1684219,6633053,6184974,5273458,608667,13870,140694,2786,10478,135021,448079,0.7950272672327509,0.09176272223363811,0.0020910431440846317,0.021211047160334767,4.20017750498903e-4,0.0015796647486459102,0.020355784885180323,0.06755245284486645,0.20497273276724914
19,2012,0,0,Iowa,IA,3074186,75144,722666,1037193,2959203,922210,2276376,38,29546,26436,0.4328,578840,78802,158526,286686,226481,368331,117508,29743,20738,809898,3074186,2913542,2705704,89449,6729,56038,2189,3064,50369,160644,0.880136725624279,0.02909680806561477,0.002188872111186506,0.01822856522019162,7.120584115600032e-4,9.966866025673139e-4,0.0163844998318254,0.05225578413277531,0.11986327437572097
19,2014,1,0,Iowa,IA,3107126,86151,725591,1044392,2992054,929320,2295384,38.2,30846,28361,0.4433,571438,83452,147511,293611,233906,383943,129844,31909,24730,804095,3107126,2936059,2707827,96102,8337,67946,2524,1039,52284,171067,0.8714892798039088,0.03092954711202571,0.002683186970853451,0.02186779680000103,8.123262461837724e-4,3.343926187737478e-4,0.01682712577475133,0.055056344673502136,0.12851072019609122
19,2016,0,1,Iowa,IA,3134693,86794,726967,1047673,3017234,930214,2320932,38,31717,30047,0.4451,569965,79567,150902,287271,234055,398242,135083,35270,24567,804741,3134693,2955631,2708501,108502,8662,74554,3700,2784,48928,179062,0.8640402744383581,0.03461327791908171,0.002763269002738067,0.023783509262310536,0.0011803388721000748,8.881252486288131e-4,0.015608546036246613,0.05712265922053611,0.13595972556164193
20,2012,0,0,Kansas,KS,2885905,108372,721277,1022681,2768504,905280,2056256,36,28554,26390,0.4496,432186,77218,149439,306074,149866,362899,149868,33378,20097,802896,2885905,2570129,2234826,162574,22793,71374,2155,1204,75203,315776,0.7743934744906711,0.05633380170171922,0.007898042381852486,0.024731929845230524,7.467328273106703e-4,4.172001503861007e-4,0.026058723346749114,0.10942009525608085,0.22560652550932891
20,2014,1,0,Kansas,KS,2904021,113861,722487,1022500,2785340,903819,2067673,36.2,30384,27870,0.4597,419478,79272,154706,298813,153284,381292,156450,33162,22180,785489,2904021,2575064,2227984,165265,21502,75742,2383,1845,80343,328957,0.7672065732307032,0.0569090237295116,0.007404216429564387,0.02608176731504352,8.205863525091589e-4,6.353259842129241e-4,0.02766612224911597,0.11327638470933922,0.23279342676929682
20,2016,0,1,Kansas,KS,2907289,114459,714919,1015353,2789271,897335,2077911,36.5,31098,28950,0.455,419534,76760,147685,290658,157030,390861,170982,37627,21956,774902,2907289,2570380,2216482,161027,18397,79100,2922,3221,89231,336909,0.7623879153396859,0.05538733851364622,0.006327888283552134,0.027207477481598838,0.0010050600404706929,0.0011079049932772422,0.030692167170171248,0.11588424817759775,0.23761208466031414
21,2012,0,0,Kentucky,KY,4380415,74188,1017979,1444954,4224180,1288719,3288248,38.4,26430,22722,0.4667,800468,200288,192121,414942,211692,378979,185306,46602,28258,1108468,4380415,4246380,3760302,340056,6965,55143,2149,4783,76982,134035,0.8584351026101408,0.07763100071568561,0.0015900319946854351,0.01258853327823962,4.905927862999283e-4,0.0010919056756037956,0.017574133957627303,0.030598698981717486,0.14156489738985922
21,2014,1,0,Kentucky,KY,4413457,90553,1015303,1446276,4253594,1286413,3307601,38.5,26828,23684,0.4704,789610,213973,197815,416570,228473,386963,197252,47789,27697,1078943,4413457,4268287,3769031,345388,8083,54208,2402,4926,84249,145170,0.8539861156458531,0.07825792796893682,0.0018314441491103233,0.012282435288255896,5.442445683734995e-4,0.001116131866697693,0.019089117668983746,0.032892582843788896,0.14601388435414686
21,2016,0,1,Kentucky,KY,4436974,82213,1012457,1441465,4275617,1280108,3342304,38.7,30070,26046,0.4813,769421,198878,196649,443391,256369,419081,202997,51228,29035,1085033,4436974,4285054,3765752,360428,10692,60837,1934,7172,78239,151920,0.8487207723101375,0.08123284021948292,0.002409750429008599,0.013711371759221488,4.358826533578966e-4,0.001616416954437867,0.017633414124130546,0.03423955155022319,0.15127922768986246
22,2012,0,0,Louisiana,LA,4601893,92991,1119124,1595288,4423331,1416726,3389778,36,27273,23800,0.4859,869245,160720,157638,488181,160063,433223,155282,45446,26117,1207176,4601893,4394257,2748748,1472115,22089,71648,2209,10375,67073,207636,0.5973081077721711,0.3198933569294201,0.0047999812251175765,0.015569245091096208,4.800198526997477e-4,0.002254507003965542,0.014575088990552366,0.04511969313497728,0.40269189222782886
22,2014,1,0,Louisiana,LA,4649676,105636,1114784,1588988,4469571,1408883,3429256,36.1,29486,24800,0.4902,876986,156542,164415,493580,165066,463860,160595,47873,29268,1179507,4649676,4425787,2753573,1493046,23474,78138,2661,8007,66888,223889,0.5922075000494658,0.32110753523471314,0.0050485238111214635,0.016805041899693656,5.722979407597433e-4,0.0017220554722522602,0.014385518474835665,0.04815152711715827,0.40779249995053424
22,2016,0,1,Louisiana,LA,4681666,97669,1117281,1566646,4492545,1377525,3466716,36.5,30261,25664,0.499,891304,167969,168026,486089,187288,473299,169554,56083,28970,1172916,4681666,4450498,2754601,1502898,24319,77518,562,7665,82935,231168,0.5883805038633683,0.3210177744418333,0.005194518361625968,0.016557780926704298,1.2004273692313804e-4,0.0016372376841919094,0.017714847663203654,0.04937729432214942,0.41161949613663174
23,2012,0,0,Maine,ME,1329192,18743,265987,382175,1292046,345029,1044462,43.5,27160,26020,0.445,278442,50825,59370,128191,85732,171449,65911,16093,11276,306571,1329192,1310741,1250688,13316,7462,14396,127,453,24299,18451,0.9409385551523031,0.010018116269131924,0.0056139368879740475,0.0108306399677398,9.554676826222246e-5,3.408085513605258e-4,0.018281030881919243,0.013881365521309186,0.05906144484769693
23,2014,1,0,Maine,ME,1330089,19975,257972,370682,1293060,333653,1052142,44.1,27813,27978,0.4593,263085,47202,59158,135341,93426,185890,69374,14346,12171,296931,1330089,1310250,1245685,16106,7792,14447,36,1166,25018,19839,0.936542592262623,0.012108964136986321,0.005858254598000585,0.010861679180866845,2.7065857998976008e-5,8.766330674112785e-4,0.018809267650510605,0.014915543245602361,0.06345740773737696
23,2016,0,1,Maine,ME,1331479,19637,254951,364910,1295874,329305,1056891,44.5,30594,29604,0.4519,272769,45600,57718,130222,94984,181434,79538,18162,12004,293857,1331479,1310765,1243607,17963,7130,17499,214,900,23452,20714,0.9340042163639081,0.013491012625809344,0.005354947393086936,0.013142527970775355,1.6072352624412403e-4,6.759400636435122e-4,0.01761349596951961,0.015557136087013014,0.06599578363609193
24,2012,0,0,Maryland,MD,5884563,403898,1342935,1912428,5674843,1702708,4137730,38.1,39240,35144,0.4473,918055,116998,236421,548129,251712,795930,460951,115222,94884,1580906,5884563,5374115,3166263,1696151,12471,337959,2324,10096,148851,510448,0.5380625545176422,0.288237376335337,0.0021192737676527552,0.0574314524290079,3.949316202409593e-4,0.0017156754035941156,0.025295166353049497,0.08674356957347555,0.4619374454823578
24,2014,1,0,Maryland,MD,5976407,412380,1351175,1913594,5763330,1700517,4212852,38.3,40107,36338,0.4491,917417,126509,240278,536437,265874,841315,489164,121503,101702,1563158,5976407,5420228,3133653,1744971,10663,367948,1636,15195,146162,556179,0.5243372815807223,0.29197660065654835,0.0017841823691057185,0.061566757417960326,2.737430700419165e-4,0.0025424975240140105,0.024456500368867113,0.09306243701274027,0.47566271841927765
24,2016,0,1,Maryland,MD,6016447,410202,1346152,1893939,5802819,1680311,4260093,38.5,41235,38662,0.4499,914616,131854,237805,541390,268485,860491,528502,128976,103160,1540625,6016447,5429717,3092525,1765641,12217,374779,2101,15752,166702,586730,0.5140118412079422,0.2934690524158195,0.002030600452393248,0.0622924127811647,3.4920942542999213e-4,0.002618156529925386,0.027707715201347242,0.09752101198597778,0.4859881587920578
25,2012,0,0,Massachusetts,MA,6646144,442019,1401255,2089535,6439002,1882393,4802870,39.5,36386,34907,0.4813,1048250,133672,229750,536287,347381,1011713,541323,132494,104415,1761641,6646144,5972259,5003798,425654,7210,378962,850,37684,118101,673885,0.7528873885368719,0.06404525691889913,0.0010848395701326965,0.05701982984419236,1.278937079906785e-4,0.005670054696377328,0.017769852714596614,0.10139488401093928,0.24711261146312813
25,2014,1,0,Massachusetts,MA,6745408,461946,1390685,2091057,6528886,1874535,4892777,39.4,37702,37288,0.4863,1027761,133271,218769,512158,365816,1077993,594755,131136,112845,1737678,6745408,6015314,4977913,439433,8451,411917,414,42145,135041,730094,0.7379706312798276,0.0651455034298889,0.0012528523107868345,0.0610662839075116,6.137508657741681e-5,0.006247954163780753,0.020019693397345276,0.10823570642428153,0.26202936872017235
25,2016,0,1,Massachusetts,MA,6811779,484791,1378947,2084264,6604293,1876778,4948041,39.5,40557,39771,0.4786,1023967,132529,222787,511845,363356,1124295,629351,140558,126142,1737713,6811779,6032083,4928862,456681,8154,438614,3006,59495,137271,779696,0.7235792588103637,0.06704283858886202,0.0011970441201923903,0.06439052118396678,4.4129441075525203e-4,0.008734135385190859,0.02015200434423959,0.11446290315642947,0.27642074118963633
26,2012,0,0,Michigan,MI,9883360,269484,2267623,3262342,9551345,2930327,7346253,39.5,26733,25074,0.4624,1758949,265246,503556,1078391,575915,1062110,490025,103848,67420,2652338,9883360,9428442,7523647,1375814,49914,247148,1612,11165,219142,454918,0.7612438482459406,0.13920508814816013,0.0050503067782616436,0.02500647553058879,1.6310242670508816e-4,0.0011296765472470901,0.022172823817001506,0.04602867850609509,0.2387561517540594
26,2014,1,0,Michigan,MI,9909877,272760,2223636,3229352,9571271,2890746,7413481,39.6,28204,26613,0.4598,1709421,271426,499790,1076213,618746,1105362,529318,115303,77356,2555615,9909877,9434782,7500803,1363958,49741,279628,1851,14964,223837,475095,0.7569017254200027,0.1376362188955524,0.005019335759666846,0.028217100979154433,1.8678334756324423e-4,0.0015100086509650928,0.022587263192065856,0.047941563755029455,0.24309827457999733
26,2016,0,1,Michigan,MI,9928300,283164,2191183,3167898,9589851,2829449,7453953,39.7,30456,29128,0.4695,1702082,276261,516290,1081902,626128,1162737,547241,119229,80623,2488397,9928300,9436870,7474930,1347079,42919,291323,2462,15319,262838,491430,0.7528912301199601,0.1356807308401237,0.004322895158284903,0.02934268706626512,2.479780022763212e-4,0.0015429630450328857,0.02647361582546861,0.04949789994258836,0.24710876988003994
27,2012,0,0,Minnesota,MN,5379139,179919,1277800,1778395,5177211,1576467,3921420,37.6,32084,30529,0.4441,840396,111745,245952,555546,381595,807626,272778,72103,42833,1414524,5379139,5115114,4424944,282628,53113,225697,2276,4827,121629,264025,0.8226119458894816,0.05254149409412919,0.009873885021376098,0.041957830054214995,4.2311604143339666e-4,8.973555061507055e-4,0.022611239456723463,0.04908313393649058,0.1773880541105184
27,2014,1,0,Minnesota,MN,5457173,186810,1283108,1784590,5252805,1580222,3987255,37.8,33720,32638,0.4539,827997,115380,245342,548621,404201,834094,295956,75732,52752,1398073,5457173,5180733,4437012,307850,52047,249211,1776,8098,124739,276440,0.8130605351891904,0.056411992069886736,0.00953735569680492,0.045666684930091093,3.254432285727427e-4,0.001483918505057472,0.022857805680706843,0.05065626469968975,0.18693946481080959
27,2016,0,1,Minnesota,MN,5519952,194363,1288623,1794669,5314323,1589040,4036966,37.9,36219,34515,0.4496,821200,116737,246325,550387,429762,860125,304937,78752,53170,1392956,5519952,5231492,4444184,325256,57795,257673,1255,7324,138005,288460,0.8051127980823022,0.05892370078580393,0.010470199740867311,0.046680297219975825,2.273570494815897e-4,0.001326823131795349,0.02500112319817274,0.05225770079160109,0.19488720191769782
28,2012,0,0,Mississippi,MS,2984926,34541,747669,1072958,2871033,959065,2202716,36.2,24933,20119,0.487,462900,121242,105917,328359,160169,249319,105946,24029,15722,830938,2984926,2904805,1717214,1119168,11840,23816,399,2951,29417,80121,0.5752953339546776,0.37493994826002386,0.0039665974968893705,0.00797875726232409,1.3367165551172793e-4,9.886342240980179e-4,0.00985518568969549,0.026841871456779832,0.4247046660453224
28,2014,1,0,Mississippi,MS,2994079,38329,732553,1043369,2881773,931063,2223197,36.7,26631,21036,0.476,466649,119287,115390,334622,167835,254250,112856,26090,17757,806652,2994079,2913513,1712773,1128351,11435,23925,458,2538,34033,80566,0.5720533760131246,0.37686079759418506,0.0038192045032879895,0.007990771118597738,1.529685756454656e-4,8.476730239916849e-4,0.01136676754354177,0.026908441627625724,0.42794662398687544
28,2016,0,1,Mississippi,MS,2988726,32449,723153,1031704,2873238,916216,2233124,37.2,27427,22694,0.4828,477515,125820,111813,327182,177695,264865,113113,27550,20735,781666,2988726,2901993,1698241,1131449,12939,26685,631,2529,29519,86733,0.568215687888418,0.37857234152612185,0.004329269394384095,0.00892855350406829,2.1112674765100581e-4,8.461799442304179e-4,0.009876783619508781,0.02902005737561757,0.43178431211158197
29,2012,0,0,Missouri,MO,6021988,114505,1403706,1998347,5805261,1781620,4503777,38.2,26997,24697,0.4608,1086729,186048,304519,611601,287670,670388,284631,65321,42330,1552442,6021988,5800469,4848758,685914,24778,101081,4480,10174,125284,221519,0.8051756330301555,0.11390158864481298,0.004114588072908813,0.016785320727972224,7.439403731790897e-4,0.0016894753028401917,0.020804425382448453,0.03678502846568276,0.1948243669698445
29,2014,1,0,Missouri,MO,6063589,112047,1392502,1986822,5843961,1767194,4559040,38.5,28875,26126,0.4628,1083421,196334,293320,625111,304044,696669,307730,68066,48246,1537651,6063589,5830264,4847814,703873,23902,105751,3511,14014,131399,233325,0.799495810154679,0.11608191122452395,0.003941889860938794,0.017440331130622475,5.790300101144718e-4,0.002311172475575109,0.02167016926773896,0.03847968587580722,0.20050418984532103
29,2016,0,1,Missouri,MO,6093000,117949,1390064,1971986,5873591,1752577,4584987,38.4,30800,28406,0.4646,1083372,182014,297778,630017,325244,729511,324191,70157,48791,1507305,6093000,5849433,4852074,698734,27492,116024,7521,10479,137109,243567,0.7963357951747907,0.11467815526013458,0.004512063023141309,0.01904217955030363,0.0012343673067454456,0.0017198424421467258,0.02250270802560315,0.039974889217134414,0.2036642048252093
30,2012,0,0,Montana,MT,1005141,7382,220140,318371,970811,284041,777619,40.2,24954,25148,0.4502,167970,36245,46900,126669,57590,138862,42619,13022,7426,231634,1005141,973676,876782,3489,62422,6423,1140,453,22967,31465,0.8722975184576094,0.003471154793208117,0.062102729865760126,0.006390148247857763,0.0011341692359579402,4.506830384990762e-4,0.022849530563373695,0.03130406579773385,0.1277024815423906
30,2014,1,0,Montana,MT,1023579,11163,224622,327729,988349,292499,787794,39.6,25614,25989,0.4544,179135,34030,45863,124370,57211,135401,48606,11287,8545,236766,1023579,988911,887541,5718,67973,8042,231,131,19275,34668,0.8670957493266275,0.005586281078451199,0.06640718498523318,0.007856745790994149,2.2567872142746187e-4,1.2798230522509743e-4,0.018830984223005748,0.033869393569035705,0.13290425067337253
30,2016,0,1,Montana,MT,1042520,9611,228674,329904,1009075,296459,804235,40.1,27162,28933,0.4667,172231,34184,46019,122204,66134,148944,48718,14909,8035,242914,1042520,1005430,900884,3439,62998,8326,547,574,28662,37090,0.8641407359091432,0.0032987376740973794,0.060428576909795494,0.007986417526762076,5.246901738096152e-4,5.505889575259947e-4,0.027492997736254462,0.03557725511261175,0.1358592640908568
31,2012,0,0,Nebraska,NE,1855525,66006,462802,648617,1776112,569204,1326717,36.3,28528,26245,0.4339,292831,41519,95649,194905,117719,233054,83862,20030,12716,510963,1855525,1676641,1509066,82713,13662,36372,1149,1689,31990,178884,0.8132824941728083,0.044576602309319466,0.007362875735977688,0.019601999434122417,6.192317538163053e-4,9.102545101790598e-4,0.017240403659341697,0.09640613842443513,0.1867175058271917
31,2014,1,0,Nebraska,NE,1881503,71206,467877,656802,1803373,578672,1342420,36.2,30041,27446,0.4352,288812,44748,95240,188153,126818,247729,82051,18375,13614,501598,1881503,1691223,1513607,86450,13298,38877,829,1454,36708,190280,0.8044669607223587,0.0459473091459328,0.007067753811713295,0.020662736121069166,4.4060519701536485e-4,7.727864372259837e-4,0.019509934345042234,0.10113191421964249,0.19553303927764132
31,2016,0,1,Nebraska,NE,1907116,78574,474085,663296,1827563,583743,1354457,36.3,31448,29910,0.4477,286360,41988,88321,193039,129795,261931,90070,22938,16033,505491,1907116,1704667,1519945,87110,13963,41133,1200,1719,39597,202449,0.7969861298421281,0.04567629866248304,0.007321526325614174,0.02156816890005642,6.292223441049207e-4,9.013610079302989e-4,0.02076276429960212,0.10615452861808092,0.20301387015787187
32,2012,0,0,Nevada,NV,2758931,279217,664422,918289,2655741,815099,1815292,36.8,29580,25331,0.4516,457175,72360,129454,353620,138034,272846,95659,27821,15471,680801,2758931,2006880,1455200,219044,25345,204076,17951,3909,81355,752051,0.5274506683929392,0.07939451910903172,0.009186529130304455,0.07396922938630941,0.006506505599451382,0.001416853121734469,0.029487870483169025,0.2725878247770604,0.4725493316070608
32,2014,1,0,Nevada,NV,2839099,281175,662531,919501,2736916,817318,1895393,37.4,30229,25773,0.4427,462876,77938,142022,352787,154943,291473,105579,29796,16615,699683,2839099,2049061,1457400,231626,25142,217722,17860,5175,94136,790038,0.5133318704279068,0.0815843336213355,0.008855626380059307,0.07668700527878738,0.006290728150022243,0.001822761376056277,0.03315699804762004,0.2782706767182124,0.48666812957209316
32,2016,0,1,Nevada,NV,2940058,286133,677502,929448,2834596,823986,1976423,37.9,31132,28117,0.4577,498977,86080,150003,366900,156342,308547,114345,32605,16278,700680,2940058,2103432,1463596,249544,26593,240323,18016,6566,98794,836626,0.4978119479275579,0.08487723711573036,0.009045059655285712,0.08174090443113707,0.006127770268477697,0.0022332892752455905,0.03360273844937753,0.28456105287718814,0.5021880520724421
33,2012,0,0,New Hampshire,NH,1320718,31817,275022,400835,1283226,363343,1013879,41.9,34119,32201,0.4298,233128,37562,54390,114590,87025,201804,87156,15364,13567,323979,1320718,1280580,1212389,14610,2179,29604,191,1645,19962,40138,0.9179771911944866,0.011062164671034998,0.0016498601518265064,0.022415080282088985,1.446183061031954e-4,0.001245534625862599,0.015114505897549667,0.030391044871047414,0.08202280880551338
33,2014,1,0,New Hampshire,NH,1326813,32278,267286,395509,1290944,359640,1027249,42.5,35231,34691,0.441,228002,37991,55501,119492,91285,201723,92567,17685,14055,314674,1326813,1284361,1209818,15418,2132,33689,437,1027,21840,42452,0.9118225401771011,0.01162032630069196,0.001606857937026544,0.02539091793643867,3.293606559477485e-4,7.740352257627865e-4,0.016460495940271914,0.03199546582675931,0.08817745982289893
33,2016,0,1,New Hampshire,NH,1334795,31074,259841,387209,1296519,348933,1043880,42.7,36144,36320,0.4304,217686,38559,57739,121538,97488,213461,101003,19392,12822,307848,1334795,1287524,1211076,15837,1336,32455,66,1645,25109,47271,0.9073123588266363,0.011864743275184579,0.0010009027603489675,0.024314595125094117,4.944579504717953e-5,0.001232398982615308,0.018811128300600468,0.03541442693447308,0.0926876411733637
34,2012,0,0,New Jersey,NJ,8864590,830513,2026738,2815238,8554824,2505472,6007339,39.4,38124,34885,0.4718,1585222,152352,303963,733050,372831,1359609,597429,147947,87198,2294691,8864590,7223191,5134994,1127146,11535,769054,2283,41595,136584,1641399,0.5792703328636745,0.1271515095452807,0.0013012446148101605,0.08675573263963703,2.575415219429212e-4,0.004692264391246521,0.015407819199759944,0.18516355522364825,0.42072966713632554
34,2014,1,0,New Jersey,NJ,8938175,821220,2012197,2810244,8628695,2500764,6104758,39.4,38893,36593,0.4757,1577888,151835,310162,735270,391582,1415973,633971,146463,94861,2272659,8938175,7209003,5059967,1145128,9792,823584,2294,36607,131631,1729172,0.5661073988817628,0.1281165338561843,0.0010955256526080548,0.09214229974239707,2.5665194516777753e-4,0.0040955787954476165,0.014726831819694737,0.19345917930673767,0.43389260111823724
34,2016,0,1,New Jersey,NJ,8944469,832485,1984439,2773297,8640545,2469373,6127545,39.5,40881,38911,0.4813,1541029,165044,302184,722105,400332,1460518,670786,153171,95327,2239783,8944469,7157800,4966755,1130491,8810,849117,2840,40991,158796,1786669,0.5552878544271326,0.12638995115305335,9.849662400305708e-4,0.09493207478275122,3.175146562641114e-4,0.004582832139057109,0.017753541322575995,0.19975126527913506,0.4447121455728674
35,2012,0,0,New Mexico,NM,2085538,113805,515848,725208,2002855,642525,1455885,36.8,26026,22874,0.4713,298375,61952,77980,242995,111952,202552,106967,22244,23525,572854,2085538,1105814,827066,37796,180977,26846,1009,3913,28207,979724,0.39657201163440803,0.01812290162058903,0.08677712897103769,0.0128724578502046,4.8380801500619986e-4,0.0018762544724670565,0.013525047253993934,0.4697703901822935,0.603427988365592
35,2014,1,0,New Mexico,NM,2085572,118740,500078,711750,2005740,631918,1466754,37.2,25736,23683,0.477,299171,63113,81677,240044,109771,206947,110475,19348,26164,560799,2085572,1091418,807748,38178,184866,29579,369,4788,25890,994154,0.3873028598389315,0.018305769352484593,0.08864043053896005,0.014182679859530143,1.769298782300491e-4,0.002295773054106979,0.012413860561994504,0.4766816969157622,0.6126971401610686
35,2016,0,1,New Mexico,NM,2081015,109643,489514,689634,2006122,614741,1481858,37.7,26949,25146,0.4769,310743,59765,85075,237950,116674,215691,116006,22128,24408,539773,2081015,1071139,787250,37782,178176,30149,1077,4299,32406,1009876,0.37830097332311396,0.018155563511075123,0.08561975766633109,0.014487641847848285,5.175359139650603e-4,0.0020658188432087225,0.015572208753901341,0.4852805001405564,0.621699026676886
36,2012,0,0,New York,NY,19570261,1920011,4261010,6260500,18888881,5579120,13389240,38.1,33190,31290,0.5009,3081374,498602,613490,1589218,1128596,2531374,1371561,359112,181715,5029814,19570261,16016575,11227534,2820905,44447,1487288,7049,103439,325913,3553686,0.5737038458505995,0.14414243121233794,0.0022711500883917696,0.07599735128724139,3.6018937100532283e-4,0.0052855196974634115,0.01665348254680916,0.18158602994615147,0.4262961541494005
36,2014,1,0,New York,NY,19746227,1894593,4225273,6206615,19062160,5522548,13626361,38.2,34308,33095,0.5111,3074611,525296,624873,1552848,1163427,2651150,1459502,363125,194205,4874923,19746227,16075938,11122385,2850956,47372,1600915,3235,100191,350884,3670289,0.5632663394379088,0.14437978455327188,0.00239904058633581,0.08107447564539798,1.638287658700571e-4,0.005073931338883119,0.01776967316338458,0.18587292650894777,0.4367336605620912
36,2016,0,1,New York,NY,19745289,1863443,4179386,6091697,19059878,5406286,13702460,38.4,36263,35534,0.5129,3036385,538429,637569,1513289,1191816,2749619,1521940,391676,204577,4843659,19745289,15997675,10962313,2829419,45228,1654883,6491,106193,393148,3747614,0.5551862522751629,0.14329590212632493,0.0022905716902902763,0.08381153600739903,3.2873664194026233e-4,0.0053781436169407296,0.019910977246268717,0.1897978803956731,0.44481374772483706
37,2012,0,0,North Carolina,NC,9752073,456416,2284002,3262190,9394913,2905030,7011655,37.8,27066,24435,0.4691,1475044,285660,416106,1012715,562049,1170056,436058,92150,77594,2550114,9752073,8907177,6292533,2075668,103792,225603,5465,19220,184896,844896,0.6452508097509114,0.21284377178062552,0.010643070452815519,0.0231338506182224,5.603936721966704e-4,0.0019708630154839897,0.018959661192035786,0.0866375795177087,0.3547491902490886
37,2014,1,0,North Carolina,NC,9943964,450648,2290568,3282027,9592631,2930694,7202748,38.3,28248,25774,0.4748,1484395,287890,423979,1035991,614392,1239857,481543,103494,87670,2556055,9943964,9053363,6359485,2124971,105548,245542,5185,22434,190198,890601,0.6395321825380703,0.213694558829859,0.01061427816914864,0.024692567269953915,5.214218394193704e-4,0.0022560419567086124,0.019126979944818788,0.08956196945202134,0.3604678174619297
37,2016,0,1,North Carolina,NC,10146788,431767,2296894,3269603,9790290,2913105,7418127,38.7,30552,28156,0.478,1472415,303471,439327,1042804,654866,1345615,543876,114036,87578,2523926,10146788,9215678,6438334,2144650,108345,273281,5376,19620,226072,931110,0.6345194163906844,0.21136245282743663,0.010677763248823174,0.02693275941115553,5.298228365468954e-4,0.0019336168253441385,0.02228015407437309,0.09176401438563613,0.36548058360931557
38,2012,0,0,North Dakota,ND,699628,9216,154098,241724,673208,215304,536314,36.2,31090,30796,0.4597,111239,17071,29968,77563,56223,89629,25163,7503,5580,177584,699628,682956,616194,10066,36404,6737,1190,146,12219,16672,0.8807451960184555,0.014387646006163275,0.052033366303235434,0.009629403054194515,0.0017009039089344623,2.0868232832305168e-4,0.01746499568342033,0.023829806697273408,0.11925480398154453
38,2014,1,0,North Dakota,ND,739482,13050,167526,260632,709716,230866,558906,35.1,32022,33071,0.4664,115457,17936,33060,79340,64475,94873,24779,6226,5438,182606,739482,718864,641678,14834,39122,8784,88,251,14107,20618,0.8677398503276618,0.0200599879375022,0.05290460078811925,0.011878585279966247,1.190022204732502e-4,3.3942678794074774e-4,0.01907686732063796,0.027881679337698553,0.13226014967233823
38,2016,0,1,North Dakota,ND,757953,12661,174595,262938,723952,228937,570697,35,35039,33339,0.4533,115825,18353,30672,78544,67554,107578,28550,5718,4477,181543,757953,731519,644710,18815,40676,9111,233,127,17847,26434,0.8505936383918264,0.02482343892035522,0.053665596679477484,0.012020534254762499,3.074069236483001e-4,1.675565635336228e-4,0.02354631487704383,0.03487551338935264,0.14940636160817355
39,2012,0,0,Ohio,OH,11544225,196842,2659925,3773509,11145456,3374740,8687458,39.3,28480,25445,0.4615,2385539,301858,542516,1082257,625983,1240747,528409,116545,75611,3013300,11544225,11169949,9309291,1391987,17615,199187,3722,14870,233277,374276,0.8064024219902158,0.12057864430050523,0.0015258711606885695,0.017254254833044227,3.224122883952799e-4,0.0012880899324120936,0.020207246480383047,0.032421059014355665,0.19359757800978417
39,2014,1,0,Ohio,OH,11594163,216552,2635640,3736703,11190481,3333021,8741971,39.4,30134,26937,0.4637,2372992,293571,523788,1079663,659197,1301747,576319,126136,88016,2901361,11594163,11195457,9277608,1402190,16856,223984,3026,14657,257136,398706,0.8001964436760118,0.12093930368237879,0.0014538350030097041,0.01931868648042985,2.609933981435314e-4,0.0012641706003270784,0.02217805632023631,0.03438851083946293,0.19980355632398816
39,2016,0,1,Ohio,OH,11614373,219417,2608971,3692312,11200305,3278244,8785985,39.3,31289,29164,0.468,2333030,305998,530452,1100077,682507,1362205,598321,130456,88699,2830005,11614373,11194292,9216496,1421393,15138,237401,3218,19951,280695,420081,0.7935422773144964,0.12238224138315516,0.0013033850385208053,0.020440276887955983,2.7707048843704263e-4,0.0017177853681813043,0.024167899549980013,0.036169063969273246,0.20645772268550355
40,2012,0,0,Oklahoma,OK,3814820,130475,936284,1327364,3658438,1170982,2748061,36.3,26870,23740,0.4643,662794,123481,179102,418825,180387,393930,142002,33095,22280,985249,3814820,3458521,2585779,269430,268571,70326,3792,3337,257286,356299,0.6778246417917491,0.07062718555528177,0.07040201110406258,0.0184349458165785,9.940180663832107e-4,8.747463838398666e-4,0.06744381124142161,0.09339864004068343,0.32217535820825094
40,2014,1,0,Oklahoma,OK,3878051,138443,952293,1348166,3719468,1189583,2787315,36.2,28548,25229,0.466,668381,133054,188500,420738,185914,405799,145813,36137,23619,997987,3878051,3499172,2597146,281252,276829,75854,4436,1856,261799,378879,0.6697039311757375,0.07252405912145043,0.07138353776162304,0.019559825283370434,0.0011438735591667052,0.00047859092105802633,0.06750787960240853,0.09769830257518532,0.33029606882426255
40,2016,0,1,Oklahoma,OK,3923561,139767,961956,1351925,3765877,1194241,2821838,36.4,30262,25880,0.4645,674289,128240,186546,417280,203590,432922,157183,35356,23204,1004589,3923561,3519625,2595562,281976,283500,78185,5717,4059,270626,403936,0.661532215250381,0.07186736742464307,0.07225579008456859,0.019927050962123438,0.0014570947157441926,0.0010345194072425533,0.06897458711614271,0.10295137503915448,0.338467784749619
41,2012,0,0,Oregon,OR,3899353,200239,860746,1227581,3766381,1094609,2838368,38.9,26782,26011,0.4565,545481,124698,227099,485355,219073,497130,212460,54182,35682,982675,3899353,3425198,3026649,66879,37023,147243,16013,4772,126619,474155,0.7761926145183573,0.017151306896297923,0.009494652061508665,0.03776087981775438,0.0041065787067752005,0.0012237927676719703,0.03247179724431207,0.12159837798732251,0.2238073854816427
41,2014,1,0,Oregon,OR,3970239,212993,858715,1223282,3837169,1090212,2898531,39.3,27367,27646,0.4624,541003,125775,223519,495115,231853,528064,224113,54432,39637,956494,3970239,3473448,3052407,68775,35628,157528,13483,5872,139755,496791,0.7688219777197293,0.017322634733072745,0.008973767070445886,0.03967720834942179,0.003396017217099525,0.001479004160706698,0.03520065164842721,0.12512873910109693,0.23117802228027073
41,2016,0,1,Oregon,OR,4093465,203733,868246,1235513,3955721,1097769,3021486,39.2,30897,30822,0.4583,526763,129130,235544,509988,244515,572508,247973,66154,47895,960446,4093465,3570897,3119464,75516,36097,167053,13830,5961,152976,522568,0.7620595265868891,0.018447940803207063,0.00881820169465233,0.040809680796098174,0.0033785558200693055,0.0014562235172402842,0.03737078489739133,0.1276590858844524,0.23794047341311086
42,2012,0,0,Pennsylvania,PA,12763536,335244,2737454,4007219,12347792,3591475,9690838,40.5,30690,27774,0.4642,2870894,349983,483219,958587,688751,1484305,665499,166599,119131,3108390,12763536,11982674,10035953,1340316,13403,366278,2336,13791,210597,780862,0.786298796822448,0.10501133855069629,0.0010501008497958559,0.028697219955347797,1.8302138216243525e-4,0.00108049994923037,0.0164998947000267,0.061179127790292595,0.21370120317755203
42,2014,1,0,Pennsylvania,PA,12787209,360664,2700178,3928344,12367779,3508914,9726367,40.7,31524,29220,0.4686,2871756,348571,477418,957508,700919,1554120,729846,159382,124377,3011245,12787209,11949722,9937668,1359575,16827,396372,2989,23044,213247,837487,0.7771569229845231,0.10632304516177064,0.0013159243741147893,0.03099753824309902,2.3374920985494177e-4,0.0018021133462352886,0.01667658673601096,0.0654941199443913,0.2228430770154769
42,2016,0,1,Pennsylvania,PA,12784227,369261,2674845,3862252,12360468,3438493,9740121,40.6,32465,31272,0.4689,2787677,344767,480857,950374,730217,1676971,765331,175633,129802,2975685,12784227,11884225,9832127,1351705,13312,420202,2446,19352,245081,900002,0.7690826359700903,0.10573224333391452,0.00104128313741613,0.03286878432305684,1.9132951878905155e-4,0.0015137403301740495,0.01917057636726882,0.07039940701929026,0.2309173640299097
44,2012,0,0,Rhode Island,RI,1050292,62692,216962,338021,1018856,306585,770638,39.8,31135,29389,0.4647,165835,32704,35237,93355,62628,132903,64882,14832,11126,275680,1050292,911742,791560,52500,3643,33246,201,8828,21764,138550,0.7536570782220563,0.04998609910386826,0.0034685592197217538,0.0316540543010896,1.913753508548099e-4,0.008405281578837123,0.020721856398030262,0.13191569582554186,0.2463429217779437
44,2014,1,0,Rhode Island,RI,1055173,63026,212555,329302,1024485,298614,779592,39.8,31319,30830,0.4827,173794,34572,37804,95861,59701,131408,61834,14100,13552,267358,1055173,907077,781398,58095,4386,34934,385,6084,21795,148096,0.7405401768240848,0.05505732235377516,0.00415666435740869,0.03310736722793324,3.648690783407081e-4,0.005765879149674982,0.020655380681651254,0.1403523403271312,0.2594598231759152
44,2016,0,1,Rhode Island,RI,1056426,59841,208640,322381,1025170,291125,787945,40.2,35343,33008,0.4781,167783,36262,42281,93088,60183,151195,70435,17015,11620,264768,1056426,899074,768815,58523,2913,36176,1237,6210,25200,157352,0.7277509262361964,0.05539715985786037,0.0027574103628649808,0.03424376151287454,0.0011709291516869141,0.005878310454305365,0.023854013437760904,0.14894748898645055,0.2722490737638036
45,2012,0,0,South Carolina,SC,4723723,128263,1080976,1572107,4557631,1406015,3514484,38.3,26566,23396,0.4684,796955,140843,192138,471966,281401,504036,212122,43582,31282,1201763,4723723,4473961,3016843,1295205,14189,59145,1738,5952,80889,249762,0.6386578975947573,0.27419156457734717,0.003003774776802111,0.012520844257802585,3.679301263008013e-4,0.001260023079253377,0.017123993087655647,0.052873972500080975,0.36134210240524267
45,2014,1,0,South Carolina,SC,4832482,129819,1083684,1571553,4668976,1408047,3618979,38.8,26752,24596,0.4687,839898,149325,187997,486246,288524,543917,232819,46936,33301,1207095,4832482,4575078,3082187,1311369,13607,68331,2916,5476,91192,257404,0.6378062039341275,0.2713655218995125,0.0028157373374593014,0.01413993885543702,6.034166293842377e-4,0.0011331651105994807,0.018870634179289233,0.053265382054190784,0.36219379606587254
45,2016,0,1,South Carolina,SC,4961119,129824,1099964,1572643,4787590,1399114,3731331,39.1,29640,27016,0.4735,834907,146762,206995,506103,317549,591086,242201,53013,36206,1209286,4961119,4688328,3161469,1328097,13805,75511,2179,12827,94440,272791,0.6372491770505807,0.26770109727261127,0.0027826383523555875,0.015220558103927763,4.3921542700346434e-4,0.002585505407147057,0.019036027960627432,0.05498578042574669,0.3627508229494193
46,2012,0,0,South Dakota,SD,833354,11903,204222,289062,799281,254989,617229,36.7,27212,25275,0.4335,153301,24705,31915,85933,53971,98719,29714,7488,7030,217047,833354,808585,698504,12629,70943,9516,460,1192,15341,24769,0.8381840130364767,0.015154424170280578,0.08512948878867804,0.011418916810863091,5.519863107394937e-4,0.0014303645269597314,0.018408743463162115,0.029722062892840257,0.16181598696352328
46,2014,1,0,South Dakota,SD,853175,10591,210893,297687,817645,262157,631691,36.6,29003,26959,0.4468,146637,23485,33854,88120,62802,111108,30003,7382,5723,223281,853175,824456,709585,14260,67725,11001,384,495,21006,28719,0.8316992410701204,0.016714038737656402,0.07937996307908694,0.012894189351539836,4.500835115890644e-4,5.801857766577783e-4,0.024620974594895536,0.03366132387845401,0.1683007589298796
46,2016,0,1,South Dakota,SD,865454,16180,213901,299560,828912,263018,635373,36.8,31032,28585,0.4495,139760,24150,36532,87087,65093,111002,35829,9174,7256,218239,865454,833227,713315,14332,73570,12901,151,280,18678,32227,0.8242090278628327,0.016560094470647775,0.08500740651727301,0.014906627041991834,1.7447489987913858e-4,3.235296156699258e-4,0.02158173629101027,0.03723710330069536,0.17579097213716732
47,2012,0,0,Tennessee,TN,6456243,164307,1494217,2119770,6226632,1890159,4797719,38.2,26884,23692,0.4732,1166971,266671,280224,641682,283901,680286,257964,69299,45255,1605001,6456243,6148485,4840886,1084643,12460,95459,2149,6115,106773,307758,0.7497992253389472,0.16799909792738593,0.0019299149675747955,0.014785533939785104,3.3285612081205743e-4,9.471452669919642e-4,0.01653794629477236,0.04766828014373065,0.25020077466105284
47,2014,1,0,Tennessee,TN,6549352,183783,1492337,2124279,6312125,1887052,4873232,38.6,26976,24922,0.4811,1195880,277667,270428,637701,296099,717801,280082,67725,52699,1589191,6549352,6227013,4881929,1098287,14900,101866,3036,6263,120732,322339,0.7454064157797596,0.1676939947646729,0.0022750342323942887,0.01555359980651521,4.6355731070799066e-4,9.562778119117739e-4,0.01843419013056559,0.04921693016347266,0.25459358422024037
47,2016,0,1,Tennessee,TN,6651194,179265,1503252,2123996,6412680,1885482,4968677,38.6,30164,27087,0.479,1199477,266460,291978,667520,328595,756055,303704,73385,49711,1578309,6651194,6303752,4929450,1105799,15049,115106,4732,8919,124697,347442,0.7411376062703929,0.16625571288403254,0.002262601271290538,0.01730606564776189,7.114512071065736e-4,0.0013409622392611012,0.018748062377973038,0.052237538102181354,0.25886239372960707
48,2012,0,0,Texas,TX,26059203,2566227,6981175,9668824,24937723,8547344,16511801,33.9,28691,25359,0.4767,3385514,738983,1015898,2743789,1079819,2903294,1076580,240052,164154,7389940,26059203,16098293,11554528,3015396,61331,1037052,18488,31949,379549,9960910,0.44339529493668706,0.11571328562888128,0.0023535255471934424,0.03979599836572131,7.094614520635953e-4,0.001226016006705961,0.014564873683972607,0.3822415443787747,0.5566047050633129
48,2014,1,0,Texas,TX,26956958,2685393,7115836,9869070,25813524,8725636,17155729,34.3,30284,27125,0.4827,3526354,772500,1074624,2772573,1147113,3104847,1184625,266893,192664,7467266,26956958,16548720,11708178,3150560,62460,1151731,17270,34121,424400,10408238,0.43432860636574794,0.1168737214339986,0.0023170270176627495,0.04272481338584272,6.406509221107219e-4,0.0012657585473850573,0.01574361617508919,0.386105806152163,0.5656713936342521
48,2016,0,1,Texas,TX,27862596,2729342,7291694,10087316,26661365,8886085,17841560,34.5,31288,28714,0.48,3701336,773375,1073287,2796013,1259574,3362678,1281070,295098,196841,7603170,27862596,16979317,11843864,3270776,67038,1281698,20254,38404,457283,10883279,0.42508113745036535,0.11738949235024619,0.0024060213197650356,0.04600066698738337,7.269243684256844e-4,0.0013783353137661687,0.016412074452789683,0.3906053477572585,0.5749188625496346
49,2012,0,0,Utah,UT,2855287,138244,887188,1213952,2703854,1062519,1829855,29.9,26426,23213,0.4244,327025,51438,130416,321066,159358,333947,119791,27527,23256,932634,2855287,2475854,2278904,27856,25822,61740,25284,3273,52975,379433,0.7981348284778378,0.009755936968858122,0.009043574253656463,0.021623045249041514,0.008855151863893192,0.001146294575641608,0.018553301296857373,0.13288786731421395,0.2018651715221622
49,2014,1,0,Utah,UT,2942902,141093,905549,1238168,2795749,1091015,1896260,30.5,27449,24877,0.4283,346201,45661,137522,329813,168810,353832,127178,26075,23118,953887,2942902,2545802,2330356,31816,30223,64918,24808,5396,58285,397100,0.7918564736440425,0.010811097345409396,0.010269794916718259,0.02205917832126248,0.008429774419943307,0.0018335642845055662,0.019805280637955325,0.13493483643016316,0.20814352635595745
49,2016,0,1,Utah,UT,3051217,145996,921847,1267973,2900413,1117169,1983374,30.7,30209,26993,0.4263,354303,50302,145106,327002,178193,381130,140249,33569,25987,973643,3051217,2630777,2401230,30915,26769,69181,28870,3070,70742,420440,0.7869745088599074,0.010132022730602248,0.008773220652611729,0.02267324808428899,0.009461798357835578,0.001006155904348986,0.023184847226532888,0.1377941981838722,0.21302549114009262
50,2012,0,0,Vermont,VT,626011,8885,123889,191063,608333,173385,493237,42.4,28629,28818,0.4392,117535,14987,21569,49804,39279,95120,42576,10145,7664,154731,626011,616184,588138,6188,1910,8217,0,301,11430,9827,0.9395010630803612,0.009884810330808883,0.0030510645979064267,0.01312596743507702,0,4.808222219737353e-4,0.01825846510684317,0.015697807227029556,0.06049893691963881
50,2014,1,0,Vermont,VT,626562,11363,121810,188283,608282,170003,493389,42.8,30277,29178,0.4406,120115,14237,24586,57369,34024,91472,43653,10253,7523,146261,626562,615787,584101,5899,2342,9933,365,1351,11796,10775,0.9322317663694893,0.009414870356006268,0.0037378583444256114,0.015853179733210758,5.825441057708575e-4,0.002156211196976516,0.018826548689515162,0.01719702120460545,0.06776823363051065
50,2016,0,1,Vermont,VT,624594,11174,118684,185031,607520,167957,494736,43.1,32028,31836,0.4539,112116,16651,22489,53383,40499,92871,46671,12297,8016,143386,624594,612048,580616,7307,2113,9406,252,727,11627,12546,0.9295894613140696,0.011698799540181302,0.0033829975952378664,0.015059382574920668,4.034620889729969e-4,0.0011639561058863837,0.018615292494004104,0.020086648286727057,0.07041053868593039
51,2012,0,0,Virginia,VA,8185867,446436,1854632,2681101,7885760,2380994,5884799,37.5,33392,32517,0.4661,1176004,216287,325224,774019,395520,1132326,596854,133652,88672,2173528,8185867,7497895,5234502,1549541,15968,466958,5008,12497,213421,687972,0.6394560282985297,0.1892946709249002,0.0019506791400348918,0.05704441569842266,6.117861431171555e-4,0.001526655637087678,0.026071887070728123,0.08404387708717964,0.36054397170147034
51,2014,1,0,Virginia,VA,8326289,455843,1867537,2702994,8027413,2404118,6002909,37.7,35108,34052,0.4658,1164037,218339,339427,781292,408872,1173872,655001,137648,99818,2168651,8326289,7594318,5242578,1572488,17392,507648,4336,20639,229237,731971,0.6296416086446195,0.18885820561837333,0.0020888057092421364,0.06096929856746505,5.207602090198887e-4,0.002478775358385951,0.02753171310772422,0.08791083278516997,0.3703583913553805
51,2016,0,1,Virginia,VA,8411808,450469,1867560,2690635,8116753,2395580,6093779,38.2,36282,36206,0.4705,1147310,225526,347347,769322,438669,1241751,695229,142532,99173,2146237,8411808,7651197,5235564,1575478,19718,527900,6769,23107,262661,760611,0.6224065028588385,0.18729362343981223,0.002344085837432333,0.06275701965617855,8.047021520224903e-4,0.002746971875725171,0.031225272854539715,0.09042182132545108,0.3775934971411615
53,2012,0,0,Washington,WA,6897012,434197,1585029,2251153,6643366,1997507,4877786,37.5,31989,29861,0.4498,921721,179506,366665,812150,448208,944631,372069,91575,63240,1718203,6897012,6089416,4927042,239399,84746,504801,38963,8885,285580,807596,0.7143734127184351,0.03471053841866594,0.012287349942264852,0.07319126021529324,0.0056492579685231805,0.0012882390229276097,0.041406336541099244,0.11709360517279077,0.28562658728156487
53,2014,1,0,Washington,WA,7061530,458231,1602653,2277046,6799458,2014974,5000646,37.5,33176,31841,0.4542,903776,186948,371353,799271,479799,1005685,410459,100407,68225,1725154,7061530,6202752,4960822,242656,80907,550240,43761,9989,314377,858778,0.7025137611820668,0.0343630912847499,0.01145743202960265,0.07792079053689498,0.006197098928985644,0.0014145659651661892,0.04451967208239574,0.12161358799013812,0.29748623881793324
53,2016,0,1,Washington,WA,7288000,485424,1629061,2291445,7024743,2028188,5173515,37.7,36353,35284,0.4591,917047,194739,374392,804380,491450,1098509,472318,109063,75820,1744806,7288000,6381549,5053546,254841,79382,591025,46683,10670,345402,906451,0.6934064215148189,0.034967206366630074,0.010892151481888036,0.08109563666300769,0.00640546103183315,0.0014640504939626784,0.047393249176728866,0.12437582327113063,0.3065935784851811
54,2012,0,0,West Virginia,WV,1855413,11917,384220,559212,1793653,497452,1459276,41.5,26441,22410,0.4638,439338,86894,74059,171674,81746,147257,66360,18384,9683,419145,1855413,1831692,1721901,60452,2016,12057,445,1114,33707,23721,0.9280418968714782,0.03258142526758193,0.0010865505415775356,0.006498283670535886,2.3983878521924767e-4,6.004054083915549e-4,0.018166844794124004,0.012784754661091628,0.0719581031285218
54,2014,1,0,West Virginia,WV,1850326,11261,383200,553976,1790661,494311,1455865,41.9,27023,22714,0.4546,444699,88219,74701,164026,84402,152434,70397,14478,10948,411243,1850326,1825823,1713147,67307,3364,11642,90,1343,28930,24503,0.9258622534623628,0.03637575216475367,0.0018180580070755099,0.006291864244462868,4.864007747823897e-5,7.258180450363882e-4,0.01563508268272726,0.013242531316103217,0.07413774653763716
54,2016,0,1,West Virginia,WV,1831102,15776,376883,539345,1769689,477932,1438443,42.3,27617,24769,0.4711,422721,89507,74822,158855,95794,162243,78802,16651,11061,394881,1831102,1804319,1684936,68738,3734,13777,404,3361,29369,26783,0.9201759377686224,0.03753914309525084,0.0020392091756767238,0.007523884524182706,2.2063216576684422e-4,0.0018355067057979294,0.016038975436649623,0.014626711128052944,0.07982406223137761
55,2012,0,0,Wisconsin,WI,5726398,141095,1316750,1872228,5522281,1668111,4268553,38.8,30039,26994,0.4401,1112713,135298,259585,557106,386784,688002,255462,61488,41201,1500226,5726398,5371999,4738842,352680,48138,135516,829,3096,92898,354399,0.8275432479544733,0.06158845403340809,0.008406331519394914,0.023665138189835913,1.4476814220737015e-4,5.406540027430856e-4,0.016222763419517817,0.06188864273841951,0.17245675204552668
55,2014,1,0,Wisconsin,WI,5757564,141465,1299502,1859402,5560761,1662599,4316597,39.2,30618,28213,0.4397,1100818,143850,256185,549750,402829,736544,269393,60549,41608,1451402,5757564,5386582,4731591,357934,46200,149258,1197,2751,97651,370982,0.8218043255793596,0.06216761116333227,0.0080242269126318,0.025923810833887388,2.079004245545512e-4,4.7780623888852994e-4,0.016960471477173333,0.06443384737017252,0.17819567442064044
55,2016,0,1,Wisconsin,WI,5778709,141998,1284991,1845380,5576816,1643487,4351720,39.4,32038,30902,0.4498,1083082,139525,272788,539603,420412,758503,288536,69338,43798,1428041,5778709,5391694,4718160,355473,48653,154748,987,3230,110443,387015,0.8164730219154486,0.0615142586345843,0.008419354565180562,0.026778991639828203,1.7079939481292448e-4,5.589483741091652e-4,0.019112054266792116,0.06697257120924414,0.18352697808455143
56,2012,0,0,Wyoming,WY,576412,10876,136610,195470,554038,173096,428926,36.9,29473,27813,0.4166,95341,20290,33188,68136,38055,64409,20963,4466,4440,154543,576412,522096,487672,5311,10328,5520,59,151,13055,54316,0.8460476187171676,0.009213895616329987,0.017917739394738487,0.009576483487505465,1.0235734162369972e-4,2.619653997487908e-4,0.022648730421989827,0.09423120962089616,0.1539523812828324
56,2014,1,0,Wyoming,WY,584153,13936,137764,195191,562284,173322,432453,36.6,30822,29698,0.427,86194,20565,35128,73289,41611,69557,23807,5370,4599,144582,584153,527088,490892,5912,13331,5515,837,149,10452,57065,0.8403483333989554,0.010120636203186494,0.022821075985229897,0.009441019732843964,0.001432843792636518,2.550701614131914e-4,0.017892572665038096,0.09768844806069643,0.15965166660104457
56,2016,0,1,Wyoming,WY,585501,10847,140860,194707,562405,171611,433794,37.2,31526,30042,0.436,93204,21420,30127,67834,45601,67845,26068,6551,5453,151204,585501,529237,494078,5400,12328,5815,173,211,11232,56264,0.8438550916223884,0.009222870669734125,0.021055472151200426,0.009931665360093322,2.954734492340747e-4,3.6037513172479634e-4,0.019183570993046982,0.09609548062257793,0.15614490837761164
