GEOID,year,d16,state,st,poptotal,noncit,popu18,popu25,pop3o,pop324,vapacs,medage,incmed,incpc,gini,hs,ged,some1,some2,assoc,bacc,mast,prof,phd,enroll,pop_check,nothilat,white,black,amind,asian,hawpi,other,multi,hilat,white_prop,black_prop,amind_prop,asian_prop,hawpi_prop,other_prop,multi_prop,hilat_prop,nonwh_prop,lexp,health_index,hsplus,baccplus,mastplus,hsprop,baccprop,gradprop,attain_score,attain_index,enroll_prop,enroll_index,ed_index,inc_index,hdi,presvotes,tovep,tovap,toacs
01,2012,0,Alabama,AL,4822023,96368,1124975,1612377,4645710,1436064,3600680,38.2,27910.6722,23962.5945,0.4726,826740,176803,189488,516444,238555,472037,193901,50713,30508,1220639,4822023,4636582,3212468,1267479,22791,58679,1194,3926,70045,185441,0.6662075232739454,0.26285212658670437,0.004726439504747281,0.01216895896182992,2.476139163998181e-4,8.141811019980618e-4,0.014526060949937402,0.03845709570443774,0.3337924767260546,75.41,3.9208333333333316,2695189,747159,275122,0.839715345555242,0.23278548475439348,0.08571724109138515,1.1582180714010206,4.388120476006804,0.8499892762439557,7.142550749827307,5.306263900613638,3.853761013051258,4.312052123956252,2074338,0.586,0.56,0.5760961818323206
01,2016,1,Alabama,AL,4863300,93554,1099517,1562587,4691088,1390375,3670229,39,29164,25810,0.4847,831521,179715,201485,509746,271030,506680,226164,48931,33747,1186076,4863300,4663614,3197147,1294572,21225,65100,1341,7537,76692,199686,0.657402792342648,0.26619209178952563,0.004364320523101597,0.013385972487816915,2.7573869594719634e-4,0.0015497707318076204,0.01576953920177657,0.04105977422737647,0.342597207657352,75.16,3.8166666666666655,2809019,815522,308842,0.8510340038652254,0.24707449572259085,0.09356826843169945,1.1916767680195157,4.611178453463438,0.8530619437202194,7.2303412491491255,5.484232718692001,4.158299321226151,4.431716307021583,2123372,0.588,0.563,0.5785393772432184
02,2012,0,Alaska,AK,731449,20671,187265,266855,698740,234146,523513,33.8,36135.5715,33494.067,0.4232,106047,24230,34575,94145,38287,79559,36321,8545,5699,195535,731449,687763,460453,24615,100602,42358,8007,780,50948,43686,0.6295080039756702,0.03365238041203146,0.13753795548288397,0.05790971072487624,0.010946764572786346,0.001066376466438535,0.06965352334885959,0.05972528501645364,0.3704919960243298,78.15,5.062500000000002,427408,130124,50565,0.9199602233347827,0.280081103070638,0.10883696302578165,1.3088782894312023,5.392521929541348,0.8350986136854783,6.717103248156525,5.834049035746407,5.644335895518482,5.503631158261007,300495,0.5870000000000001,0.5529999999999999,0.5739972073281848
02,2016,1,Alaska,AK,741894,22753,187296,262943,709834,230883,531845,33.5,36209,34187,0.4081,107185,26743,34525,95125,40819,90861,36182,8730,5804,187359,741894,690590,452757,21768,104362,44235,9766,1741,55961,51304,0.6102718178068565,0.029341118812121408,0.14066969135752547,0.059624420739350904,0.013163605582468655,0.0023466964283307317,0.07542991316818845,0.06915273610515787,0.38972818219314354,77.71,4.879166666666664,445974,141577,50716,0.9311474451457455,0.2955980883221874,0.1058897465502734,1.3326352800182064,5.550901866788043,0.8114889359545744,6.042541027273555,5.714781586949879,5.658409641823595,5.4035589249567995,318608,0.61,0.574,0.5990617567148323
04,2012,0,Arizona,AZ,6553255,487791,1619585,2272791,6299433,2018969,4445879,36.6,30085.8435,25837.38,0.4608,864774,173396,309290,790409,360519,735758,310661,77074,47093,1753081,6553255,4577151,3730370,264171,262675,185306,10868,7219,116542,1976104,0.5692392559117568,0.04031141776109735,0.040083134259234536,0.02827694023809542,0.0016584124988269187,0.0011015899732270452,0.017783834140438607,0.3015454152173233,0.43076074408824316,79.35,5.562499999999998,3668974,1170586,434828,0.8571439918663023,0.273471754464002,0.10158431422387854,1.232200060554183,4.881333737027886,0.8683050606522438,7.665858875778396,5.809508783278056,4.374051851737667,5.2091211079568565,2306559,0.526,0.465,0.5188083166455947
04,2016,1,Arizona,AZ,6931071,498587,1631422,2304662,6680106,2053697,4801062,37.5,30675,27997,0.4713,924912,180585,344919,834817,390843,835779,359075,84523,56517,1761534,6931071,4786296,3834724,284478,274472,214132,12834,10072,155584,2144775,0.553265721848759,0.04104387330616004,0.03960022917093188,0.030894503894131224,0.0018516618860202124,0.0014531664731179351,0.02244732451882256,0.3094435189020571,0.446734278151241,79.29,5.537500000000003,4011970,1335894,500115,0.8671887850814747,0.2887539774369279,0.10810004044173353,1.2640428029601363,5.093618686400908,0.8577380207498964,7.36394344999704,5.850393607599619,4.508505116309975,5.266359036272294,2604657,0.5489999999999999,0.489,0.5425168431484534
05,2012,0,Arkansas,AR,2949131,78901,711629,999749,2836698,887316,2158601,37.6,27031.5711,22731.6429,0.4632,566530,119419,129405,308735,118932,269141,101528,22334,16106,752357,2949131,2751266,2179168,458695,16106,38877,5221,2163,51036,197865,0.7389186848600486,0.1555356476195869,0.005461269777436133,0.013182527327541571,0.0017703520121690084,7.334363919405412e-4,0.017305436754081117,0.0670926452571961,0.26108131513995136,75.85,4.104166666666664,1652130,409109,139968,0.8475147508287242,0.20986599855749155,0.07180121700108034,1.1291819663872962,4.1945464425819745,0.8479019875669999,7.082913930485711,5.157335605216553,3.6318798861812818,4.252006826103472,1069468,0.507,0.47700000000000004,0.4954449664389111
05,2016,1,Arkansas,AR,2988248,87671,707360,997800,2873456,883008,2193217,38,27687,24264,0.4719,552084,129885,135748,313961,133315,282608,118134,26203,18888,739490,2988248,2773704,2175226,462232,16096,41387,8808,2917,67038,214544,0.7279268655078159,0.15468327929944234,0.005386433789966562,0.013849921425530947,0.002947546522243134,9.761572667328816e-4,0.022433880989797365,0.07179591519847081,0.27207313449218407,75.78,4.075,1710826,445833,163225,0.8595180582461838,0.223986258369975,0.08200415182913595,1.1655084684452945,4.436723122968631,0.8374669312169312,6.784769463340892,5.21940523642605,3.7979771475718187,4.32281841052951,1130635,0.528,0.494,0.5155144247012493
06,2012,0,California,CA,38041430,5003267,9239306,13261646,36575440,11795656,23798857,35.5,32036.2506,29766.5523,0.4822,4558433,549534,1411077,4054381,1959097,4865203,1861112,569482,364732,10678252,38041430,23503769,14904055,2150453,145112,5047744,137403,83285,1035717,14537661,0.39178482512355606,0.05652923667695983,0.0038145779483053084,0.13269070063875096,0.0036119304663363074,0.0021893235874676635,0.0272260269921504,0.38215337856647347,0.6082151748764439,80.89,6.2041666666666675,20193051,7660529,2795326,0.8149002025199251,0.309144300854277,0.112806713730838,1.23685121710504,4.912341447366934,0.9052698722309298,8.72199634945514,6.182226414729669,4.809536453409572,5.692598155466395,13038547,0.551,0.451,0.5478644205475919
06,2016,1,California,CA,39250017,4958970,9093249,12945776,37793454,11489213,25197798,36.4,32499,33389,0.4899,4784486,606449,1494632,4107766,2031775,5426164,2203376,622302,408628,10490279,39250017,23969241,14725729,2160958,132153,5518226,137019,105389,1189767,15280776,0.3751776464198729,0.055056230931059214,0.0033669539557142102,0.14059168432971633,0.0034909284243112557,0.002685068900734489,0.030312521902856757,0.38931896513573483,0.6248223535801272,81.16,6.316666666666665,21685578,8660470,3234306,0.8244137513794829,0.32924234536932656,0.12295758695337379,1.2766136837021833,5.177424558014555,0.9130546191458022,8.944417689880064,6.433088935303058,4.9089641018358705,5.842953863188397,14181595,0.565,0.47,0.5628108853003743
08,2012,0,Colorado,CO,5187582,273349,1231307,1742928,4989990,1545336,3682926,36.2,32901.6978,31854.5487,0.4579,619568,132632,209243,580017,288253,818469,342776,76550,53211,1395046,5187582,4098840,3599838,204851,29779,144241,4730,7364,108037,1088742,0.6939337055298596,0.03948872519027169,0.005740439380042571,0.027805054455042832,9.117928159978966e-4,0.0014195438260060276,0.02082608043593335,0.20987465836684605,0.30606629447014044,80.31,5.9625,3120719,1291006,472537,0.9059600761063376,0.37478539208872647,0.13717981544735697,1.417925283642421,6.119501890949474,0.9027460694632106,8.649887698948875,6.962963826949274,4.994343526634725,5.918799758411718,2569522,0.6990000000000001,0.645,0.6976849385515755
08,2016,1,Colorado,CO,5540545,300755,1260512,1795039,5339884,1594378,3979278,36.7,35274,34542,0.4586,673089,149055,218245,569121,322529,934273,409712,87779,61117,1382107,5540545,4359327,3796733,220728,28993,173588,7397,6313,125575,1181218,0.6852634533245375,0.039838680129842825,0.005232878715000059,0.03133049185594558,0.0013350672181166293,0.0011394185951021064,0.022664737855210993,0.21319527230624424,0.31473654667546247,80.09,5.870833333333335,3424920,1492881,558608,0.9144078263390848,0.39857925738204664,0.14914086374444468,1.4621279474655762,6.414186316437175,0.8668628142134425,7.624651834669786,6.817674822514711,5.477031699545981,6.029673039129599,2780247,0.7,0.6459999999999999,0.6986812683104825
09,2012,0,Connecticut,CT,3590347,238122,792766,1132369,3479966,1021988,2559459,40.4,38770.7742,38746.6173,0.4915,607054,75153,130546,302473,182429,503440,294155,73294,40248,954957,3590347,3079700,2512773,339063,6099,146701,2233,10714,62117,510647,0.6998691212854914,0.09443739003500219,0.001698721599889927,0.04085983889579475,6.219454554114128e-4,0.0029841126776882568,0.017301113235016003,0.14222775681570612,0.3001308787145086,80.91,6.212499999999999,2208792,911137,407697,0.8986215499080952,0.3706855797732933,0.16586682224169622,1.4351739519230846,6.234493012820565,0.93441116725441,9.55460477869743,7.341196934779519,6.132342319305961,6.539630672645288,1558960,0.613,0.556,0.6090974694261561
09,2016,1,Connecticut,CT,3576452,221505,752162,1108715,3469051,1001314,2602785,40.9,40323,41087,0.4945,597334,81442,120316,294834,186288,541369,297488,74865,39866,914755,3576452,3014105,2411769,352345,4968,159838,505,11451,73229,562347,0.6743468107498717,0.09851802848185856,0.0013890861669609994,0.044691778332268964,1.4120139177039144e-4,0.003201776509233173,0.020475320233572267,0.15723599813446398,0.3256531892501283,80.89,6.2041666666666675,2233802,953588,412219,0.905202620862758,0.3864220538898594,0.1670433275507074,1.458668002303325,6.391120015355499,0.9135545892696996,8.958702550562846,7.246980860424614,6.40449914065745,6.6035161962864075,1644920,0.637,0.583,0.6319845857418112
10,2012,0,Delaware,DE,917092,36062,204920,298480,882536,263924,676110,39.2,33368.031,30148.8615,0.4356,173099,21805,38540,86847,44331,111921,52001,9864,8903,236066,917092,838279,589642,191258,2543,30485,101,4138,20112,78813,0.6429474905462047,0.20854832448652916,0.0027728951948114257,0.03324093984027775,1.1013071752888478e-4,0.0045120882092527246,0.021930188029118124,0.08593794297627719,0.3570525094537953,78.6,5.249999999999998,547311,182689,70768,0.8847403542123334,0.2953208149858069,0.11439803948193698,1.2944592086800775,5.296394724533849,0.8944468862248223,8.412768177852065,6.335185875639921,5.091918664149352,5.532652255547827,413921,0.623,0.578,0.6122095517001671
10,2016,1,Delaware,DE,952065,42619,204237,289518,919219,256672,705209,40.6,35408,31712,0.4522,188694,23780,44010,78172,52228,121717,58672,12881,11799,227224,952065,864913,597331,203278,3281,35591,990,1419,23023,87152,0.6274056918382673,0.2135127328491227,0.0034461932746188547,0.03738295179425775,0.0010398449685683226,0.001490444454947929,0.024182172435705546,0.09153996838451156,0.37259430816173267,78.43,5.179166666666669,591953,205069,83352,0.8934505778457981,0.3095161550803188,0.125805414559269,1.328772147485386,5.525147649902573,0.8852699164692682,8.150569041979093,6.400288113928079,5.503319082385259,5.671457758863049,443814,0.642,0.5920000000000001,0.6293368348957543
11,2012,0,District of Columbia,DC,632323,50687,109452,192792,608482,168951,472184,33.7,47242.494,47585.9421,0.5343,69175,11906,15782,45655,14083,100904,77488,38125,16274,159737,632323,569597,222975,308286,1566,21717,54,1659,13340,62726,0.35262832444810643,0.4875451312066776,0.0024765823795749957,0.034344788976519915,8.539939239913779e-5,0.0026236591109290663,0.02109681286304626,0.09919930162274661,0.6473716755518936,78.08,5.033333333333333,389392,232791,131887,0.8859261349028851,0.5296349973039445,0.30006302172087973,1.7156241539277093,8.104161026184729,0.9454634775763388,9.870385073609679,8.692902375326378,7.502489695464952,6.8982982535061055,293764,0.615,0.555,0.6221388272368399
11,2016,1,District of Columbia,DC,681170,46918,120782,201012,654704,174546,513470,33.9,50364,50567,0.542,73974,11274,16770,45436,14086,115097,98988,38236,20554,168430,681170,606748,247185,315848,1529,25952,41,1929,14264,74422,0.3628829807537032,0.4636845427719952,0.0022446672636786706,0.038099152928050266,6.0190554487132436e-5,0.0028318921855043527,0.02094044071230383,0.10925613283027731,0.6371170192462968,78.01,5.004166666666668,434415,272875,157778,0.9047334419087051,0.5683025170881252,0.32859600381541076,1.801631962812241,8.677546418748273,0.9649605261650224,10.427443604714925,9.260845480737157,7.946082452331424,7.167678055906485,311268,0.604,0.5539999999999999,0.6062048415681539
12,2012,0,Florida,FL,19317568,1654785,4000973,5813821,18689114,5185367,13661810,41.1,27942.1812,26707.0284,0.4828,3457338,562857,863192,1939033,1236800,2329936,874523,272260,146350,4688008,19317568,14833367,10966711,2958587,41291,477131,10245,51896,327506,4484201,0.5677066077883096,0.15315525225535637,0.002137484387268625,0.024699330681791826,5.303462630492616e-4,0.0026864665365743763,0.016953790456438408,0.23213072163121154,0.4322933922116904,79.6,5.666666666666664,11682289,3623069,1293133,0.8651146233708318,0.26830101304474974,0.09576105061802476,1.2291766870336063,4.861177913557375,0.9040841275072719,8.688117928779196,6.1368245852979815,3.861583415614262,5.120891791805001,8474179,0.628,0.551,0.6202823051996771
12,2016,1,Florida,FL,20612439,1734737,4145140,5908768,19944148,5240477,14732562,42.1,29550,28621,0.4852,3629364,620369,937204,2023944,1429121,2675907,1061264,307323,163962,4718808,20612439,15485861,11271384,3162469,38654,550606,10290,70928,381530,5126578,0.5468243714390131,0.15342526908145127,0.0018752754101540336,0.02671231677144078,4.992131207762459e-4,0.003441028982547868,0.018509696984427705,0.248712828210189,0.4531756285609869,79.46,5.608333333333331,12848458,4208456,1532549,0.8738265430449308,0.28621804718019056,0.1042290051239585,1.2642735953490798,5.095157302327199,0.9004539090620949,8.58439740177414,6.2582373354761796,4.249458993298604,5.303222273179562,9420039,0.645,0.569,0.6394026375045969
13,2012,0,Georgia,GA,9919945,532256,2495747,3516107,9540591,3136753,6891942,35.7,29704.584600000002,25544.3463,0.4809,1492541,318325,365365,1007268,453039,1140757,468599,123173,74746,2797844,9919945,9015602,5460416,3023619,17070,335167,2458,18170,158702,904343,0.5504482131705367,0.30480199234975597,0.0017207756696231682,0.03378718329587513,2.477836318648944e-4,0.001831663381198182,0.015998274183979852,0.09116411431716608,0.4495517868294633,77.76,4.900000000000002,5443813,1807275,666518,0.8500859953046908,0.2822174764570871,0.1040810214124717,1.2363844931742496,4.9092299544949975,0.8919554711512191,8.341584890034833,6.053348266341609,4.285632958379912,5.0280806839409875,3900050,0.59,0.523,0.5658854935227255
13,2016,1,Georgia,GA,10310371,558480,2510610,3524976,9922591,3137196,7241281,36.5,31026,28183,0.4813,1550795,333285,372145,1022060,518208,1270275,560593,145085,90323,2747236,10310371,9348037,5484889,3205543,17417,396429,5134,32116,206509,962334,0.5319778502635841,0.31090471914153234,0.0016892699593448188,0.03844953784883202,4.979452242795143e-4,0.0031149218587769537,0.020029250159863305,0.09333650554378693,0.46802214973641587,77.46,4.774999999999998,5862769,2066276,796001,0.8640276653017253,0.3045181599597371,0.11731093031430005,1.2858567555757623,5.239045037171749,0.8756979162283772,7.8770833208107796,6.118391131718092,4.5873857624984975,5.117509116706341,4114732,0.591,0.526,0.568232609672239
15,2012,0,Hawaii,HI,1392313,99990,302881,440032,1340261,387980,989442,38.3,33058.1925,29512.3797,0.4257,244511,24793,49630,159959,95686,186586,66566,22483,10581,336071,1392313,1260570,317032,24104,2069,520824,130717,2760,263064,131743,0.2277016734024605,0.017312199196588697,0.0014860164345229844,0.3740710601710966,0.09388478021824116,0.001982312885105576,0.1889402742055845,0.09462168348639997,0.7722983265975395,81.42,6.425000000000001,860795,286216,99630,0.9039296174133475,0.30055834359816064,0.10462248012928957,1.3091104411407979,5.39406960760532,0.8662070209804629,7.605914885156083,6.131351366788907,5.027241669724307,5.828896805256995,434697,0.442,0.39899999999999997,0.4393355042539128
15,2016,1,Hawaii,HI,1428557,102161,307765,437620,1374882,383945,1018631,38.9,35514,32634,0.442,255380,22363,53877,158800,104261,211850,67803,21989,14951,331540,1428557,1280407,315242,24389,1718,527847,131672,1852,277687,148150,0.2206716287834507,0.017072472431971564,0.0012026121463826784,0.36949663191598237,0.0921713309304424,0.001296413093772247,0.194382863266919,0.10370604743107906,0.7793283712165493,81.74,6.558333333333332,911274,316593,104743,0.9196084110291572,0.319488524497521,0.10570096787182233,1.3447979033985007,5.631986022656671,0.8635090963549467,7.528831324427049,6.264267789913463,5.524043201297837,6.099678653690322,428937,0.423,0.38299999999999995,0.4210916416248867
16,2012,0,Idaho,ID,1595728,53607,424752,582942,1529311,516525,1117369,35.2,24923.619,23162.2659,0.4302,229196,51266,88109,191670,91295,175020,56911,14927,11035,454364,1595728,1410569,1330942,8263,17157,18757,1686,1917,31847,185159,0.8340657054335074,0.005178200796125656,0.010751832392487943,0.011754509540473064,0.0010565710446893205,0.0012013325579296721,0.019957661957426327,0.11603418627736055,0.16593429456649256,79.49,5.620833333333332,909429,257893,82873,0.8979478389314228,0.25463720865019857,0.08182676300817744,1.234411810589799,4.896078737265326,0.8796553893809593,7.990153982313125,5.927437152281259,3.0689929978837265,4.676143761580208,652274,0.598,0.556,0.5837588119949632
16,2016,1,Idaho,ID,1683140,55421,436457,595875,1616630,529365,1191262,36.1,26998,25678,0.4503,243314,59552,91151,184334,104375,203363,65673,17642,13732,454191,1683140,1475892,1385885,10184,21522,22993,1910,702,32696,207248,0.8233925876635336,0.00605059591002531,0.012786815119360244,0.01366077688130518,0.001134783796950937,4.1707760495264805e-4,0.019425597395344416,0.12313176562852764,0.17660741233646637,79.23,5.512500000000001,983136,300410,97047,0.9042284999517137,0.2762987864044184,0.08925790860553774,1.26978519496167,5.131901299744467,0.8579921226374997,7.371203503928564,5.878335367805832,3.623264297269012,4.896671753373119,690255,0.5920000000000001,0.55,0.5794317287045168
17,2012,0,Illinois,IL,12875255,877225,3063051,4316360,12403972,3845077,8934979,37,32904.8487,30186.672300000002,0.4716,2006099,307103,565971,1264199,647039,1684348,751407,175113,96485,3478102,12875255,10775247,8093687,1825624,12917,612771,3484,16159,210605,2100008,0.6286234330892864,0.14179323050300752,0.001003242265881336,0.047592921460584664,2.7059658235895133e-4,0.0012550431040006585,0.016357345932177653,0.16310418706270283,0.37137656691071363,79.16,5.4833333333333325,7497764,2707353,1023005,0.8760200937153686,0.31632038948953106,0.11952535928995507,1.3118658424948546,5.412438949965698,0.9045597786468256,8.701707961337874,6.508861953756423,4.995007447598233,5.628101867242132,5242014,0.589,0.5329999999999999,0.5866845350168143
17,2016,1,Illinois,IL,12801539,840362,2922719,4136320,12343102,3677883,9038458,37.9,34774,32849,0.481,1942508,307884,559821,1263305,682989,1813840,830129,188580,109736,3286606,12801539,10622749,7886677,1790654,15415,679106,3126,18718,229053,2178790,0.616072567524889,0.13987802560301538,0.0012041520945255098,0.05304877796333706,2.441893900413068e-4,0.0014621679471507293,0.017892614317700395,0.1701975051593406,0.38392743247511096,79.17,5.487500000000001,7698792,2942285,1128445,0.8884705626020531,0.33955114117715895,0.1302269452162721,1.3582486489954841,5.721657659969894,0.8936135271296014,8.388957917988613,6.610757745976134,5.378055106263721,5.799853288430807,5536424,0.616,0.561,0.6125407674627685
18,2012,0,Indiana,IN,6537334,176375,1589419,2258389,6288186,2009241,4771540,37.3,28763.5158,25100.0694,0.4417,1288444,222358,283019,602891,347606,643210,259870,55872,43157,1753514,6537334,6128434,5289249,590436,12462,107176,1722,9667,117722,408900,0.809083488773864,0.09031755146669881,0.0019062816738444142,0.016394450704216735,2.634101301845676e-4,0.0014787373568491376,0.018007646542153116,0.06254843335218914,0.19091651122613595,77.48,4.783333333333335,3746427,1002109,358899,0.8755492300087989,0.2341953448805722,0.08387558148094916,1.1936201563703202,4.624134375802134,0.8727245760961477,7.792130745604222,5.680133165736163,4.062434721530983,4.796876306294097,2624534,0.552,0.529,0.5500391907015345
18,2016,1,Indiana,IN,6633053,188215,1577533,2240477,6387865,1995289,4867305,37.6,30906,27464,0.4527,1250854,231028,291768,608445,374136,716293,301847,64188,42518,1684219,6633053,6184974,5273458,608667,13870,140694,2786,10478,135021,448079,0.7950272672327509,0.09176272223363811,0.0020910431440846317,0.021211047160334767,4.20017750498903e-4,0.0015796647486459102,0.020355784885180323,0.06755245284486645,0.20497273276724914,77.08,4.616666666666666,3881077,1124846,408553,0.8835537506920769,0.25607889311419996,0.09300988759215549,1.2326425313984324,4.884283542656216,0.8440977723026589,6.974222065790256,5.580929717034229,4.560518863322496,4.897973632039168,2734958,0.564,0.54,0.5619039694451036
19,2012,0,Iowa,IA,3074186,75144,722666,1037193,2959203,922210,2276376,38,31032.163800000002,27765.7308,0.4328,578840,78802,158526,286686,226481,368331,117508,29743,20738,809898,3074186,2913542,2705704,89449,6729,56038,2189,3064,50369,160644,0.880136725624279,0.02909680806561477,0.002188872111186506,0.01822856522019162,7.120584115600032e-4,9.966866025673139e-4,0.0163844998318254,0.05225578413277531,0.11986327437572097,79.65,5.687500000000002,1865655,536320,167989,0.9158867998073631,0.2632900554886541,0.0824691101049439,1.261645965400961,5.07763976933974,0.8782142895869705,7.948979702484871,6.034753080388116,4.5887629734884845,5.400394836769071,1582180,0.703,0.6709999999999999,0.6950433496048104
19,2016,1,Iowa,IA,3134693,86794,726967,1047673,3017234,930214,2320932,38,31717,30047,0.4451,569965,79567,150902,287271,234055,398242,135083,35270,24567,804741,3134693,2955631,2708501,108502,8662,74554,3700,2784,48928,179062,0.8640402744383581,0.03461327791908171,0.002763269002738067,0.023783509262310536,0.0011803388721000748,8.881252486288131e-4,0.015608546036246613,0.05712265922053611,0.13595972556164193,79.37,5.570833333333335,1914922,593162,194920,0.9175388831923029,0.2842148134660904,0.09339632586175504,1.2951500225201482,5.301000150134322,0.8651138340209887,7.574680972028251,6.058893757432298,4.7401005835837164,5.428756387733776,1566031,0.684,0.6509999999999999,0.6747423017994495
20,2012,0,Kansas,KS,2885905,108372,721277,1022681,2768504,905280,2056256,36,29990.266200000002,27717.417,0.4496,432186,77218,149439,306074,149866,362899,149868,33378,20097,802896,2885905,2570129,2234826,162574,22793,71374,2155,1204,75203,315776,0.7743934744906711,0.05633380170171922,0.007898042381852486,0.024731929845230524,7.467328273106703e-4,4.172001503861007e-4,0.026058723346749114,0.10942009525608085,0.22560652550932891,78.58,5.241666666666665,1681025,566242,203343,0.9022130457744211,0.30390441514278477,0.10913502616969296,1.315252487086899,5.435016580579326,0.8869034994697773,8.197242841993639,6.35575866771743,4.351991919011776,5.2534139867801635,1156254,0.569,0.535,0.5623103348999346
20,2016,1,Kansas,KS,2907289,114459,714919,1015353,2789271,897335,2077911,36.5,31098,28950,0.455,419534,76760,147685,290658,157030,390861,170982,37627,21956,774902,2907289,2570380,2216482,161027,18397,79100,2922,3221,89231,336909,0.7623879153396859,0.05538733851364622,0.006327888283552134,0.027207477481598838,0.0010050600404706929,0.0011079049932772422,0.030692167170171248,0.11588424817759775,0.23761208466031414,78.6,5.249999999999998,1713093,621426,230565,0.9054709038783553,0.328460370752499,0.12186723018114777,1.355798504812002,5.7053233654133475,0.8635593173118178,7.530266208909081,6.3136376465785915,4.603456068297865,5.343686687072429,1184402,0.5770000000000001,0.54,0.5699965012938475
21,2012,0,Kentucky,KY,4380415,74188,1017979,1444954,4224180,1288719,3288248,38.4,27759.429,23864.9166,0.4667,800468,200288,192121,414942,211692,378979,185306,46602,28258,1108468,4380415,4246380,3760302,340056,6965,55143,2149,4783,76982,134035,0.8584351026101408,0.07763100071568561,0.0015900319946854351,0.01258853327823962,4.905927862999283e-4,0.0010919056756037956,0.017574133957627303,0.030598698981717486,0.14156489738985922,75.77,4.070833333333332,2458656,639145,260166,0.8375706575560022,0.21773241068438653,0.08862866854643955,1.1439317367868282,4.292878245245522,0.8601316501114673,7.432332860327638,5.339363116939561,3.816090132109305,4.361110936994292,1797212,0.557,0.534,0.5465560991750014
21,2016,1,Kentucky,KY,4436974,82213,1012457,1441465,4275617,1280108,3342304,38.7,30070,26046,0.4813,769421,198878,196649,443391,256369,419081,202997,51228,29035,1085033,4436974,4285054,3765752,360428,10692,60837,1934,7172,78239,151920,0.8487207723101375,0.08123284021948292,0.002409750429008599,0.013711371759221488,4.358826533578966e-4,0.001616416954437867,0.017633414124130546,0.03423955155022319,0.15127922768986246,75.19,3.8291666666666657,2567049,702341,283260,0.8569658779192451,0.2344646602630805,0.094561558653304,1.1859920968356295,4.573280645570863,0.8476105141128717,7.074586117510621,5.407049136217449,4.370399907155637,4.489471870094741,1924149,0.586,0.561,0.5756953885702797
22,2012,0,Louisiana,LA,4601893,92991,1119124,1595288,4423331,1416726,3389778,36,28644.8319,24997.14,0.4859,869245,160720,157638,488181,160063,433223,155282,45446,26117,1207176,4601893,4394257,2748748,1472115,22089,71648,2209,10375,67073,207636,0.5973081077721711,0.3198933569294201,0.0047999812251175765,0.015569245091096208,4.800198526997477e-4,0.002254507003965542,0.014575088990552366,0.04511969313497728,0.40269189222782886,75.82,4.091666666666664,2495915,660068,226845,0.8301439663673812,0.21953931427640144,0.07544888670111305,1.1251321673448955,4.1675477822993034,0.8520885478208207,7.202529937737734,5.179208500778779,4.033768645961939,4.405124720866274,1994065,0.602,0.57,0.5882582871208675
22,2016,1,Louisiana,LA,4681666,97669,1117281,1566646,4492545,1377525,3466716,36.5,30261,25664,0.499,891304,167969,168026,486089,187288,473299,169554,56083,28970,1172916,4681666,4450498,2754601,1502898,24319,77518,562,7665,82935,231168,0.5883805038633683,0.3210177744418333,0.005194518361625968,0.016557780926704298,1.2004273692313804e-4,0.0016372376841919094,0.017714847663203654,0.04937729432214942,0.41161949613663174,75.94,4.141666666666666,2628582,727906,254607,0.8438411310360768,0.23367618827487463,0.08173526975749755,1.159252589068449,4.395017260456327,0.851466216584091,7.184749045259745,5.324927855390799,4.41429794973334,4.600271933477892,2029032,0.6,0.568,0.5852893631898315
23,2012,0,Maine,ME,1329192,18743,265987,382175,1292046,345029,1044462,43.5,28526.148,27328.806,0.445,278442,50825,59370,128191,85732,171449,65911,16093,11276,306571,1329192,1310741,1250688,13316,7462,14396,127,453,24299,18451,0.9409385551523031,0.010018116269131924,0.0056139368879740475,0.0108306399677398,9.554676826222246e-5,3.408085513605258e-4,0.018281030881919243,0.013881365521309186,0.05906144484769693,79.23,5.512500000000001,867289,264729,93280,0.9158114373870796,0.27953986042489204,0.09849875978995097,1.2938500576019225,5.292333717346151,0.8885369055934429,8.243911588384083,6.276193007692128,4.004983551568785,5.174660676976312,713180,0.682,0.67,0.6828204376990259
23,2016,1,Maine,ME,1331479,19637,254951,364910,1295874,329305,1056891,44.5,30594,29604,0.4519,272769,45600,57718,130222,94984,181434,79538,18162,12004,293857,1331479,1310765,1243607,17963,7130,17499,214,900,23452,20714,0.9340042163639081,0.013491012625809344,0.005354947393086936,0.013142527970775355,1.6072352624412403e-4,6.759400636435122e-4,0.01761349596951961,0.015557136087013014,0.06599578363609193,78.65,5.270833333333336,892431,291138,109704,0.9232977676710096,0.3012076737408297,0.11349836380020464,1.338003805212044,5.586692034746959,0.8923551115227525,8.353003186364358,6.508795751952759,4.490173728681185,5.360611790835773,747927,0.7070000000000001,0.6940000000000001,0.7076671104210368
24,2012,0,Maryland,MD,5884563,403898,1342935,1912428,5674843,1702708,4137730,38.1,41213.772,36911.7432,0.4473,918055,116998,236421,548129,251712,795930,460951,115222,94884,1580906,5884563,5374115,3166263,1696151,12471,337959,2324,10096,148851,510448,0.5380625545176422,0.288237376335337,0.0021192737676527552,0.0574314524290079,3.949316202409593e-4,0.0017156754035941156,0.025295166353049497,0.08674356957347555,0.4619374454823578,79.33,5.554166666666665,3538302,1466987,671057,0.8907809024617743,0.36931952212097524,0.16894113618998347,1.4290415607727331,6.193610405151554,0.9284657146146021,9.384734703274347,7.257318504525818,6.55598817007598,6.417182899052697,2707327,0.6659999999999999,0.595,0.6543024798621466
24,2016,1,Maryland,MD,6016447,410202,1346152,1893939,5802819,1680311,4260093,38.5,41235,38662,0.4499,914616,131854,237805,541390,268485,860491,528502,128976,103160,1540625,6016447,5429717,3092525,1765641,12217,374779,2101,15752,166702,586730,0.5140118412079422,0.2934690524158195,0.002030600452393248,0.0622924127811647,3.4920942542999213e-4,0.002618156529925386,0.027707715201347242,0.09752101198597778,0.4859881587920578,78.89,5.370833333333334,3715279,1621129,760638,0.9012181419660071,0.3932385334364421,0.1845085564418553,1.4789652318443047,6.526434878962032,0.9168689605674187,9.053398873354823,7.3687562104262945,6.559558232073064,6.3792577804781985,2781446,0.664,0.595,0.6529073426331303
25,2012,0,Massachusetts,MA,6646144,442019,1401255,2089535,6439002,1882393,4802870,39.5,38216.2158,36662.8221,0.4813,1048250,133672,229750,536287,347381,1011713,541323,132494,104415,1761641,6646144,5972259,5003798,425654,7210,378962,850,37684,118101,673885,0.7528873885368719,0.06404525691889913,0.0010848395701326965,0.05701982984419236,1.278937079906785e-4,0.005670054696377328,0.017769852714596614,0.10139488401093928,0.24711261146312813,80.86,6.191666666666666,4085285,1789945,778232,0.8965625534251458,0.3928239179618001,0.1707919200440503,1.460178391430996,6.40118927620664,0.9358518651524947,9.595767575785565,7.466048709399615,6.032460068460935,6.533275128035084,3167767,0.659,0.602,0.6595570981517301
25,2016,1,Massachusetts,MA,6811779,484791,1378947,2084264,6604293,1876778,4948041,39.5,40557,39771,0.4786,1023967,132529,222787,511845,363356,1124295,629351,140558,126142,1737713,6811779,6032083,4928862,456681,8154,438614,3006,59495,137271,779696,0.7235792588103637,0.06704283858886202,0.0011970441201923903,0.06439052118396678,4.4129441075525203e-4,0.008734135385190859,0.02015200434423959,0.11446290315642947,0.27642074118963633,80.49,6.037499999999998,4274830,2020346,896051,0.9042446190017377,0.4273589824675332,0.18953953609877494,1.5211431375680458,6.807620917120305,0.9259022644127329,9.311493268935228,7.642245034391945,6.44461598724683,6.674596998734137,3325046,0.672,0.611,0.6719924107338642
26,2012,0,Michigan,MI,9883360,269484,2267623,3262342,9551345,2930327,7346253,39.5,28077.6699,26335.2222,0.4624,1758949,265246,503556,1078391,575915,1062110,490025,103848,67420,2652338,9883360,9428442,7523647,1375814,49914,247148,1612,11165,219142,454918,0.7612438482459406,0.13920508814816013,0.0050503067782616436,0.02500647553058879,1.6310242670508816e-4,0.0011296765472470901,0.022172823817001506,0.04602867850609509,0.2387561517540594,78.22,5.091666666666667,5905460,1723403,661293,0.8919262868640442,0.26029275256463585,0.09987784355819604,1.252096882986876,5.013979219912507,0.9051337956480625,8.718108447087502,6.248688962304172,3.895119537049767,4.985666456934089,4730961,0.647,0.62,0.6439964700371741
26,2016,1,Michigan,MI,9928300,283164,2191183,3167898,9589851,2829449,7453953,39.7,30456,29128,0.4695,1702082,276261,516290,1081902,626128,1162737,547241,119229,80623,2488397,9928300,9436870,7474930,1347079,42919,291323,2462,15319,262838,491430,0.7528912301199601,0.1356807308401237,0.004322895158284903,0.02934268706626512,2.479780022763212e-4,0.0015429630450328857,0.02647361582546861,0.04949789994258836,0.24710876988003994,77.95,4.979166666666668,6112493,1909830,747093,0.9041611726639924,0.2825024310684483,0.1105101442192343,1.297173747951675,5.314491653011166,0.8794634573727959,7.984670210651311,6.204551172224548,4.458830407073045,5.164512459373444,4799284,0.647,0.62,0.6438575612161762
27,2012,0,Minnesota,MN,5379139,179919,1277800,1778395,5177211,1576467,3921420,37.6,33697.8252,32064.6087,0.4441,840396,111745,245952,555546,381595,807626,272778,72103,42833,1414524,5379139,5115114,4424944,282628,53113,225697,2276,4827,121629,264025,0.8226119458894816,0.05254149409412919,0.009873885021376098,0.041957830054214995,4.2311604143339666e-4,8.973555061507055e-4,0.022611239456723463,0.04908313393649058,0.1773880541105184,80.99,6.245833333333332,3330574,1195340,387714,0.9249682843323491,0.3319702816973381,0.1076760802767428,1.3646146463064301,5.764097642042868,0.8972747288715843,8.493563682045268,6.673919655377001,5.160104772134839,5.9916066618510815,2936561,0.76,0.7140000000000001,0.7488514364694422
27,2016,1,Minnesota,MN,5519952,194363,1288623,1794669,5314323,1589040,4036966,37.9,36219,34515,0.4496,821200,116737,246325,550387,429762,860125,304937,78752,53170,1392956,5519952,5231492,4444184,325256,57795,257673,1255,7324,138005,288460,0.8051127980823022,0.05892370078580393,0.010470199740867311,0.046680297219975825,2.273570494815897e-4,0.001326823131795349,0.02500112319817274,0.05225770079160109,0.19488720191769782,80.87,6.195833333333335,3461395,1296984,436859,0.9291629656055661,0.3481571735623844,0.11726867462149855,1.394588813789449,5.963925425262993,0.876602225242914,7.902920721226114,6.610257190584033,5.660324093334104,6.143084097996649,2944813,0.741,0.6940000000000001,0.7294619275961205
28,2012,0,Mississippi,MS,2984926,34541,747669,1072958,2871033,959065,2202716,36.2,26187.1299,21130.9857,0.487,462900,121242,105917,328359,160169,249319,105946,24029,15722,830938,2984926,2904805,1717214,1119168,11840,23816,399,2951,29417,80121,0.5752953339546776,0.37493994826002386,0.0039665974968893705,0.00797875726232409,1.3367165551172793e-4,9.886342240980179e-4,0.00985518568969549,0.026841871456779832,0.4247046660453224,75.06,3.7750000000000012,1573603,395016,145697,0.823027895864366,0.20660178413027833,0.07620263519054712,1.1058323151851914,4.038882101234609,0.8664042583140872,7.611550237545349,5.229771480004855,3.411844536650629,4.0687683768454095,1285584,0.593,0.5720000000000001,0.5836358386646304
28,2016,1,Mississippi,MS,2988726,32449,723153,1031704,2873238,916216,2233124,37.2,27427,22694,0.4828,477515,125820,111813,327182,177695,264865,113113,27550,20735,781666,2988726,2901993,1698241,1131449,12939,26685,631,2529,29519,86733,0.568215687888418,0.37857234152612185,0.004329269394384095,0.00892855350406829,2.1112674765100581e-4,8.461799442304179e-4,0.009876783619508781,0.02902005737561757,0.43178431211158197,74.72,3.633333333333333,1646288,426263,161398,0.8412209980265934,0.21781206343107026,0.08247122413544661,1.1415042855931103,4.276695237287402,0.8531459830432998,7.23274237266571,5.2620442824135045,3.732563931955206,4.147843217269018,1209357,0.552,0.5329999999999999,0.5415538949023878
29,2012,0,Missouri,MO,6021988,114505,1403706,1998347,5805261,1781620,4503777,38.2,28354.9491,25939.2591,0.4608,1086729,186048,304519,611601,287670,670388,284631,65321,42330,1552442,6021988,5800469,4848758,685914,24778,101081,4480,10174,125284,221519,0.8051756330301555,0.11390158864481298,0.004114588072908813,0.016785320727972224,7.439403731790897e-4,0.0016894753028401917,0.020804425382448453,0.03678502846568276,0.1948243669698445,77.63,4.845833333333331,3539237,1062670,392282,0.8796105318541092,0.2641065641790607,0.09749428440559185,1.241211380438762,4.94140920292508,0.8713653865583009,7.753296758808598,5.878705054886252,3.963250016058697,4.833190036130846,2757323,0.622,0.596,0.6122245839436544
29,2016,1,Missouri,MO,6093000,117949,1390064,1971986,5873591,1752577,4584987,38.4,30800,28406,0.4646,1083372,182014,297778,630017,325244,729511,324191,70157,48791,1507305,6093000,5849433,4852074,698734,27492,116024,7521,10479,137109,243567,0.7963357951747907,0.11467815526013458,0.004512063023141309,0.01904217955030363,0.0012343673067454456,0.0017198424421467258,0.02250270802560315,0.039974889217134414,0.2036642048252093,77.35,4.729166666666664,3691075,1172650,443139,0.8956715507396966,0.2845537530326274,0.1075315444208634,1.2877568481931874,5.251712321287916,0.8600506568327668,7.430018766650481,5.977814469742104,4.536699521397198,5.04300063066823,2808605,0.622,0.596,0.6125655318106682
30,2012,0,Montana,MT,1005141,7382,220140,318371,970811,284041,777619,40.2,26209.1862,26412.9444,0.4502,167970,36245,46900,126669,57590,138862,42619,13022,7426,231634,1005141,973676,876782,3489,62422,6423,1140,453,22967,31465,0.8722975184576094,0.003471154793208117,0.062102729865760126,0.006390148247857763,0.0011341692359579402,4.506830384990762e-4,0.022849530563373695,0.03130406579773385,0.1277024815423906,78.84,5.350000000000001,637303,201929,63067,0.9279715188491052,0.29402711242482926,0.09183132635380113,1.3138299576277357,5.425533050851571,0.81549494615214,6.1569984614897155,5.669354854397619,3.417681443916156,4.69756719627314,484048,0.625,0.616,0.6224745022948256
30,2016,1,Montana,MT,1042520,9611,228674,329904,1009075,296459,804235,40.1,27162,28933,0.4667,172231,34184,46019,122204,66134,148944,48718,14909,8035,242914,1042520,1005430,900884,3439,62998,8326,547,574,28662,37090,0.8641407359091432,0.0032987376740973794,0.060428576909795494,0.007986417526762076,5.246901738096152e-4,5.505889575259947e-4,0.027492997736254462,0.03557725511261175,0.1358592640908568,78.46,5.191666666666665,661378,220606,71662,0.9280987235762318,0.30957205563725765,0.10056187343534245,1.3382326526488317,5.588217684325545,0.8193848053187793,6.268137294822268,5.81485755449112,3.665251542423062,4.800832517589387,497147,0.618,0.608,0.6181613583094494
31,2012,0,Nebraska,NE,1855525,66006,462802,648617,1776112,569204,1326717,36.3,29962.9584,27565.1235,0.4339,292831,41519,95649,194905,117719,233054,83862,20030,12716,510963,1855525,1676641,1509066,82713,13662,36372,1149,1689,31990,178884,0.8132824941728083,0.044576602309319466,0.007362875735977688,0.019601999434122417,6.192317538163053e-4,9.102545101790598e-4,0.017240403659341697,0.09640613842443513,0.1867175058271917,79.61,5.6708333333333325,1092285,349662,116608,0.9050275580243068,0.2897171946826104,0.09661714066026574,1.291361893367183,5.27574595578122,0.8976799179204644,8.50514051201327,6.35221080785857,4.345676167162703,5.3894326457377995,794379,0.603,0.569,0.5987554241032564
31,2016,1,Nebraska,NE,1907116,78574,474085,663296,1827563,583743,1354457,36.3,31448,29910,0.4477,286360,41988,88321,193039,129795,261931,90070,22938,16033,505491,1907116,1704667,1519945,87110,13963,41133,1200,1719,39597,202449,0.7969861298421281,0.04567629866248304,0.007321526325614174,0.02156816890005642,6.292223441049207e-4,9.013610079302989e-4,0.02076276429960212,0.10615452861808092,0.20301387015787187,79.67,5.695833333333335,1130475,390972,129041,0.9088734704378447,0.3143316557058095,0.10374571883391487,1.326950844977569,5.513005633183794,0.8659478571905788,7.598510205445108,6.208173823937566,4.681049310338301,5.490620818139333,844227,0.628,0.588,0.6232955346681364
32,2012,0,Nevada,NV,2758931,279217,664422,918289,2655741,815099,1815292,36.8,31067.874,26605.1493,0.4516,457175,72360,129454,353620,138034,272846,95659,27821,15471,680801,2758931,2006880,1455200,219044,25345,204076,17951,3909,81355,752051,0.5274506683929392,0.07939451910903172,0.009186529130304455,0.07396922938630941,0.006506505599451382,0.001416853121734469,0.029487870483169025,0.2725878247770604,0.4725493316070608,78.14,5.058333333333334,1562440,411797,138951,0.8488559969836611,0.22372465694035015,0.07549050820311609,1.1480711621271273,4.320474414180849,0.8352371920466103,6.721062629903152,5.120670486088283,4.596736516237524,4.919579260048489,1014918,0.564,0.48200000000000004,0.5590935232458469
32,2016,1,Nevada,NV,2940058,286133,677502,929448,2834596,823986,1976423,37.9,31132,28117,0.4577,498977,86080,150003,366900,156342,308547,114345,32605,16278,700680,2940058,2103432,1463596,249544,26593,240323,18016,6566,98794,836626,0.4978119479275579,0.08487723711573036,0.009045059655285712,0.08174090443113707,0.006127770268477697,0.0022332892752455905,0.03360273844937753,0.28456105287718814,0.5021880520724421,78.03,5.012500000000001,1730077,471775,163228,0.8604736870899876,0.23464272036844538,0.08118332247427398,1.176299729932707,4.508664866218046,0.8503542535916873,7.152978674048208,5.390102802161433,4.611031894804766,4.994398445319565,1125385,0.574,0.494,0.5694049300175115
33,2012,0,New Hampshire,NH,1320718,31817,275022,400835,1283226,363343,1013879,41.9,35835.1857,33820.7103,0.4298,233128,37562,54390,114590,87025,201804,87156,15364,13567,323979,1320718,1280580,1212389,14610,2179,29604,191,1645,19962,40138,0.9179771911944866,0.011062164671034998,0.0016498601518265064,0.022415080282088985,1.446183061031954e-4,0.001245534625862599,0.015114505897549667,0.030391044871047414,0.08202280880551338,80.39,5.995833333333334,844586,317891,116087,0.9181450249651314,0.34557764411343617,0.12619757077802285,1.3899202398565906,5.932801599043938,0.8916615979941818,8.333188514119481,6.732930570735785,5.586462800386965,6.086909805277868,710972,0.7020000000000001,0.6779999999999999,0.7012394970208476
33,2016,1,New Hampshire,NH,1334795,31074,259841,387209,1296519,348933,1043880,42.7,36144,36320,0.4304,217686,38559,57739,121538,97488,213461,101003,19392,12822,307848,1334795,1287524,1211076,15837,1336,32455,66,1645,25109,47271,0.9073123588266363,0.011864743275184579,0.0010009027603489675,0.024314595125094117,4.944579504717953e-5,0.001232398982615308,0.018811128300600468,0.03541442693447308,0.0926876411733637,79.32,5.549999999999997,879688,346678,133217,0.928346345344908,0.3658538644513532,0.14058565660531075,1.434785866401572,6.23190577601048,0.8822553326856445,8.064438076732701,6.8427498762512204,5.645952804543012,5.985314342375789,744296,0.7140000000000001,0.691,0.7130091581407825
34,2012,0,New Jersey,NJ,8864590,830513,2026738,2815238,8554824,2505472,6007339,39.4,40041.6372,36639.7155,0.4718,1585222,152352,303963,733050,372831,1359609,597429,147947,87198,2294691,8864590,7223191,5134994,1127146,11535,769054,2283,41595,136584,1641399,0.5792703328636745,0.1271515095452807,0.0013012446148101605,0.08675573263963703,2.575415219429212e-4,0.004692264391246521,0.015407819199759944,0.18516355522364825,0.42072966713632554,80.27,5.945833333333331,5339601,2192183,832574,0.8826732185529954,0.3623831114473087,0.13763027841659733,1.3826866084169014,5.88457738944601,0.9158717399356289,9.024906855303684,6.931353878065234,6.35595304309372,6.398386854636693,3640292,0.615,0.532,0.6059741259815702
34,2016,1,New Jersey,NJ,8944469,832485,1984439,2773297,8640545,2469373,6127545,39.5,40881,38911,0.4813,1541029,165044,302184,722105,400332,1460518,670786,153171,95327,2239783,8944469,7157800,4966755,1130491,8810,849117,2840,40991,158796,1786669,0.5552878544271326,0.12638995115305335,9.849662400305708e-4,0.09493207478275122,3.175146562641114e-4,0.004582832139057109,0.017753541322575995,0.19975126527913506,0.4447121455728674,80.4,6.000000000000002,5510496,2379802,919284,0.8929415676633223,0.3856320971121855,0.1489642486062615,1.4275379133817692,6.183586089211794,0.9070249816451382,8.772142332718238,7.0464381703806085,6.499781932392432,6.501395117071315,3874046,0.644,0.557,0.6322346061922026
35,2012,0,New Mexico,NM,2085538,113805,515848,725208,2002855,642525,1455885,36.8,27335.1078,24024.5622,0.4713,298375,61952,77980,242995,111952,202552,106967,22244,23525,572854,2085538,1105814,827066,37796,180977,26846,1009,3913,28207,979724,0.39657201163440803,0.01812290162058903,0.08677712897103769,0.0128724578502046,4.8380801500619986e-4,0.0018762544724670565,0.013525047253993934,0.4697703901822935,0.603427988365592,77.97,4.9875,1148542,355288,152736,0.844311306815258,0.26117780244499494,0.11227863827159586,1.217767747531849,4.785118316878993,0.8915668651025251,8.330481860072148,5.9669061646100445,3.7092964298411872,4.797053397994333,783757,0.546,0.498,0.5383371626193003
35,2016,1,New Mexico,NM,2081015,109643,489514,689634,2006122,614741,1481858,37.7,26949,25146,0.4769,310743,59765,85075,237950,116674,215691,116006,22128,24408,539773,2081015,1071139,787250,37782,178176,30149,1077,4299,32406,1009876,0.37830097332311396,0.018155563511075123,0.08561975766633109,0.014487641847848285,5.175359139650603e-4,0.0020658188432087225,0.015572208753901341,0.4852805001405564,0.621699026676886,77.61,4.8374999999999995,1188440,378233,162542,0.8541441919934224,0.27183999206543713,0.11682062641361353,1.2428048104724732,4.952032069816488,0.8780494549737207,7.944270142106306,5.94944476057976,3.6106698311607195,4.701412928611309,798319,0.545,0.502,0.5387284071753164
36,2012,0,New York,NY,19570261,1920011,4261010,6260500,18888881,5579120,13389240,38.1,34859.457,32863.887,0.5009,3081374,498602,613490,1589218,1128596,2531374,1371561,359112,181715,5029814,19570261,16016575,11227534,2820905,44447,1487288,7049,103439,325913,3553686,0.5737038458505995,0.14414243121233794,0.0022711500883917696,0.07599735128724139,3.6018937100532283e-4,0.0052855196974634115,0.01665348254680916,0.18158602994615147,0.4262961541494005,80.59,6.0791666666666675,11355042,4443762,1912388,0.8531364312251738,0.3338724113828941,0.1436831209816615,1.3306919635897294,5.537946423931529,0.9015425371743214,8.6155010621234709,6.563797969995509,5.3950720187450765,5.993292870689471,7074723,0.531,0.461,0.5283886912177241
36,2016,1,New York,NY,19745289,1863443,4179386,6091697,19059878,5406286,13702460,38.4,36263,35534,0.5129,3036385,538429,637569,1513289,1191816,2749619,1521940,391676,204577,4843659,19745289,15997675,10962313,2829419,45228,1654883,6491,106193,393148,3747614,0.5551862522751629,0.14329590212632493,0.0022905716902902763,0.08381153600739903,3.2873664194026233e-4,0.0053781436169407296,0.019910977246268717,0.1897978803956731,0.44481374772483706,80.92,6.216666666666667,11785300,4867812,2118193,0.8631647994168861,0.3565224447896202,0.15513814972646026,1.3748253939329667,5.832169292886444,0.8959309588874876,8.45517025392822,6.706502946567036,5.668741405282986,6.182727643066011,7721453,0.568,0.496,0.5635085232870594
37,2012,0,North Carolina,NC,9752073,456416,2284002,3262190,9394913,2905030,7011655,37.8,28427.4198,25664.0805,0.4691,1475044,285660,416106,1012715,562049,1170056,436058,92150,77594,2550114,9752073,8907177,6292533,2075668,103792,225603,5465,19220,184896,844896,0.6452508097509114,0.21284377178062552,0.010643070452815519,0.0231338506182224,5.603936721966704e-4,0.0019708630154839897,0.018959661192035786,0.0866375795177087,0.3547491902490886,77.98,4.991666666666668,5527432,1775858,605802,0.8516997918144287,0.2736348251578649,0.09334559652308061,1.2186802134953743,4.791201423302495,0.8778270792384244,7.93791654966927,5.840106465424753,3.9809470321701084,4.877728013196986,4505372,0.648,0.601,0.6425547178233955
37,2016,1,North Carolina,NC,10146788,431767,2296894,3269603,9790290,2913105,7418127,38.7,30552,28156,0.478,1472415,303471,439327,1042804,654866,1345615,543876,114036,87578,2523926,10146788,9215678,6438334,2144650,108345,273281,5376,19620,226072,931110,0.6345194163906844,0.21136245282743663,0.010677763248823174,0.02693275941115553,5.298228365468954e-4,0.0019336168253441385,0.02228015407437309,0.09176401438563613,0.36548058360931557,77.82,4.924999999999997,6003988,2091105,745490,0.8730298806851932,0.3040640901764312,0.1084004574546126,1.285494428316237,5.236629522108247,0.8664040602724584,7.611544579213099,6.028267874476531,4.480649448389741,5.104813909119795,4741564,0.645,0.602,0.6391861449662428
38,2012,0,North Dakota,ND,699628,9216,154098,241724,673208,215304,536314,36.2,32653.827,32345.038800000002,0.4597,111239,17071,29968,77563,56223,89629,25163,7503,5580,177584,699628,682956,616194,10066,36404,6737,1190,146,12219,16672,0.8807451960184555,0.014387646006163275,0.052033366303235434,0.009629403054194515,0.0017009039089344623,2.0868232832305168e-4,0.01746499568342033,0.023829806697273408,0.11925480398154453,79.62,5.6750000000000025,419939,127875,38246,0.9170896083021769,0.27926159194940425,0.08352405744435515,1.2798752576959362,5.1991683846395755,0.8248058559060677,6.423024454459078,5.607120407912743,4.941914837317958,5.397595499915307,322627,0.598,0.5870000000000001,0.6015636362280306
38,2016,1,North Dakota,ND,757953,12661,174595,262938,723952,228937,570697,35,35039,33339,0.4533,115825,18353,30672,78544,67554,107578,28550,5718,4477,181543,757953,731519,644710,18815,40676,9111,233,127,17847,26434,0.8505936383918264,0.02482343892035522,0.053665596679477484,0.012020534254762499,3.074069236483001e-4,1.675565635336228e-4,0.02354631487704383,0.03487551338935264,0.14940636160817355,79.72,5.716666666666667,457271,146323,38745,0.9237518055008435,0.2955930628364797,0.07827035544377443,1.2976152237810976,5.317434825207318,0.7929823488557988,5.513781395879965,5.3828836820982,5.430688638927417,5.508130945776757,344360,0.608,0.593,0.6034025060583812
39,2012,0,Ohio,OH,11544225,196842,2659925,3773509,11145456,3374740,8687458,39.3,29912.544,26724.8835,0.4615,2385539,301858,542516,1082257,625983,1240747,528409,116545,75611,3013300,11544225,11169949,9309291,1391987,17615,199187,3722,14870,233277,374276,0.8064024219902158,0.12057864430050523,0.0015258711606885695,0.017254254833044227,3.224122883952799e-4,0.0012880899324120936,0.020207246480383047,0.032421059014355665,0.19359757800978417,77.59,4.829166666666668,6899465,1961312,720565,0.8878802159286223,0.25239784853802405,0.09272826339297434,1.2330063278596206,4.88670885239747,0.8928984158779639,8.368526167941827,6.047314624245589,4.3340011804192775,5.020819337731652,5580822,0.645,0.627,0.6423998826814472
39,2016,1,Ohio,OH,11614373,219417,2608971,3692312,11200305,3278244,8785985,39.3,31289,29164,0.468,2333030,305998,530452,1100077,682507,1362205,598321,130456,88699,2830005,11614373,11194292,9216496,1421393,15138,237401,3218,19951,280695,420081,0.7935422773144964,0.12238224138315516,0.0013033850385208053,0.020440276887955983,2.7707048843704263e-4,0.0017177853681813043,0.024167899549980013,0.036169063969273246,0.20645772268550355,77,4.583333333333333,7131745,2179681,817476,0.9002385869030799,0.27514064837420465,0.10318981386283191,1.2785690491401165,5.190460327600777,0.8632685669523074,7.521959055780211,5.967626570327255,4.645907416065382,5.027489949839989,5496487,0.629,0.61,0.625597129974613
40,2012,0,Oklahoma,OK,3814820,130475,936284,1327364,3658438,1170982,2748061,36.3,28221.561,24934.122,0.4643,662794,123481,179102,418825,180387,393930,142002,33095,22280,985249,3814820,3458521,2585779,269430,268571,70326,3792,3337,257286,356299,0.6778246417917491,0.07062718555528177,0.07040201110406258,0.0184349458165785,9.940180663832107e-4,8.747463838398666e-4,0.06744381124142161,0.09339864004068343,0.32217535820825094,75.89,4.120833333333334,2155896,591307,197377,0.8667071899965265,0.23771556160189367,0.07934894124760397,1.1837716928460242,4.558477952306828,0.8413869726434736,6.896770646956391,5.337908850523348,3.9305586854574663,4.421844806962539,1334872,0.49200000000000005,0.46299999999999997,0.4857504982604098
40,2016,1,Oklahoma,OK,3923561,139767,961956,1351925,3765877,1194241,2821838,36.4,30262,25880,0.4645,674289,128240,186546,417280,203590,432922,157183,35356,23204,1004589,3923561,3519625,2595562,281976,283500,78185,5717,4059,270626,403936,0.661532215250381,0.07186736742464307,0.07225579008456859,0.019927050962123438,0.0014570947157441926,0.0010345194072425533,0.06897458711614271,0.10295137503915448,0.338467784749619,75.79,4.079166666666669,2258610,648665,215743,0.8782774856161603,0.2522382638911572,0.08389328816364369,1.214409037670961,4.7627269178064076,0.8411945327618128,6.891272364623223,5.472242066745346,4.4145270525424145,4.618918624683149,1452992,0.523,0.49,0.5149097857495717
41,2012,0,Oregon,OR,3899353,200239,860746,1227581,3766381,1094609,2838368,38.9,28129.1346,27319.3533,0.4565,545481,124698,227099,485355,219073,497130,212460,54182,35682,982675,3899353,3425198,3026649,66879,37023,147243,16013,4772,126619,474155,0.7761926145183573,0.017151306896297923,0.009494652061508665,0.03776087981775438,0.0041065787067752005,0.0012237927676719703,0.03247179724431207,0.12159837798732251,0.2238073854816427,79.65,5.687500000000002,2401160,799454,302324,0.8987144112596435,0.2992223887367635,0.11315486501093656,1.3110916650073436,5.407277766715625,0.8977406544254615,8.50687584072747,6.440477124719573,3.9078156720805604,5.231077737465019,1789270,0.631,0.5870000000000001,0.6303868983866785
41,2016,1,Oregon,OR,4093465,203733,868246,1235513,3955721,1097769,3021486,39.2,30897,30822,0.4583,526763,129130,235544,509988,244515,572508,247973,66154,47895,960446,4093465,3570897,3119464,75516,36097,167053,13830,5961,152976,522568,0.7620595265868891,0.018447940803207063,0.00881820169465233,0.040809680796098174,0.0033785558200693055,0.0014562235172402842,0.03737078489739133,0.1276590858844524,0.23794047341311086,79.61,5.6708333333333325,2580470,934530,362022,0.902908796228908,0.3269928956119627,0.12667182653872425,1.356573518379595,5.710490122530634,0.8749071981446005,7.854491375560015,6.425157206873761,4.558499642496781,5.496896024805007,2001336,0.662,0.617,0.6623681195279408
42,2012,0,Pennsylvania,PA,12763536,335244,2737454,4007219,12347792,3591475,9690838,40.5,32233.707000000002,29171.0322,0.4642,2870894,349983,483219,958587,688751,1484305,665499,166599,119131,3108390,12763536,11982674,10035953,1340316,13403,366278,2336,13791,210597,780862,0.786298796822448,0.10501133855069629,0.0010501008497958559,0.028697219955347797,1.8302138216243525e-4,0.00108049994923037,0.0164998947000267,0.061179127790292595,0.21370120317755203,78.55,5.229166666666666,7786968,2435534,951229,0.889297178254282,0.2781459373844049,0.10863345856482812,1.276076574203515,5.173843828023434,0.8654911979061528,7.585462797318653,5.977716817788506,4.852137025259306,5.3329432163819215,5742040,0.595,0.5720000000000001,0.592522545521863
42,2016,1,Pennsylvania,PA,12784227,369261,2674845,3862252,12360468,3438493,9740121,40.6,32465,31272,0.4689,2787677,344767,480857,950374,730217,1676971,765331,175633,129802,2975685,12784227,11884225,9832127,1351705,13312,420202,2446,19352,245081,900002,0.7690826359700903,0.10573224333391452,0.00104128313741613,0.03286878432305684,1.9132951878905155e-4,0.0015137403301740495,0.01917057636726882,0.07039940701929026,0.2309173640299097,78.21,5.087499999999997,8041629,2747737,1070766,0.9013283493845253,0.3079740752467923,0.12001445868207432,1.3293168833133922,5.52877922208928,0.8654038266182307,7.582966474806591,6.213508306328384,4.901707102887839,5.371095661708461,6165478,0.636,0.61,0.6329980910914762
44,2012,0,Rhode Island,RI,1050292,62692,216962,338021,1018856,306585,770638,39.8,32701.090500000002,30867.2667,0.4647,165835,32704,35237,93355,62628,132903,64882,14832,11126,275680,1050292,911742,791560,52500,3643,33246,201,8828,21764,138550,0.7536570782220563,0.04998609910386826,0.0034685592197217538,0.0316540543010896,1.913753508548099e-4,0.008405281578837123,0.020721856398030262,0.13191569582554186,0.2463429217779437,80.16,5.899999999999999,613502,223743,90840,0.8613322738115128,0.31412622442862337,0.12753572727234438,1.3029942255124805,5.35329483674987,0.899195981538562,8.548456615387485,6.418348762962408,4.9519424729599955,5.723789297336947,446049,0.58,0.534,0.578804834435883
44,2016,1,Rhode Island,RI,1056426,59841,208640,322381,1025170,291125,787945,40.2,35343,33008,0.4781,167783,36262,42281,93088,60183,151195,70435,17015,11620,264768,1056426,899074,768815,58523,2913,36176,1237,6210,25200,157352,0.7277509262361964,0.05539715985786037,0.0027574103628649808,0.03424376151287454,0.0011709291516869141,0.005878310454305365,0.023854013437760904,0.14894748898645055,0.2722490737638036,79.95,5.812500000000002,649862,250265,99070,0.8853162953224939,0.34093958817238723,0.1349644776546397,1.3612203611495208,5.741469074330139,0.9094650064405324,8.841857326872356,6.7749318251775446,5.49058018740332,6.001991526328194,464144,0.591,0.547,0.5890563427650407
45,2012,0,South Carolina,SC,4723723,128263,1080976,1572107,4557631,1406015,3514484,38.3,27902.269800000002,24572.8188,0.4684,796955,140843,192138,471966,281401,504036,212122,43582,31282,1201763,4723723,4473961,3016843,1295205,14189,59145,1738,5952,80889,249762,0.6386578975947573,0.27419156457734717,0.003003774776802111,0.012520844257802585,3.679301263008013e-4,0.001260023079253377,0.017123993087655647,0.052873972500080975,0.36134210240524267,77.02,4.591666666666665,2674325,791022,286986,0.8485567404150759,0.2509893337259362,0.09105995146616847,1.1906060256071807,4.604040170714538,0.8547298570783384,7.277995916523955,5.49535875265101,3.8516735475763637,4.597678766911701,1964118,0.563,0.536,0.5588638332113619
45,2016,1,South Carolina,SC,4961119,129824,1099964,1572643,4787590,1399114,3731331,39.1,29640,27016,0.4735,834907,146762,206995,506103,317549,591086,242201,53013,36206,1209286,4961119,4688328,3161469,1328097,13805,75511,2179,12827,94440,272791,0.6372491770505807,0.26770109727261127,0.0027826383523555875,0.015220558103927763,4.3921542700346434e-4,0.002585505407147057,0.019036027960627432,0.05498578042574669,0.3627508229494193,76.81,4.504166666666667,2934822,922506,331420,0.8661185736596629,0.27224805487776804,0.09780798211349291,1.236174610650924,4.9078307376728265,0.8643227070846264,7.552077345275042,5.789246273540231,4.270542622287374,4.811049728293776,2103027,0.5670000000000001,0.542,0.5636130914142969
46,2012,0,South Dakota,SD,833354,11903,204222,289062,799281,254989,617229,36.7,28580.763600000002,26546.3325,0.4335,153301,24705,31915,85933,53971,98719,29714,7488,7030,217047,833354,808585,698504,12629,70943,9516,460,1192,15341,24769,0.8381840130364767,0.015154424170280578,0.08512948878867804,0.011418916810863091,5.519863107394937e-4,0.0014303645269597314,0.018408743463162115,0.029722062892840257,0.16181598696352328,79.09,5.4541666666666675,492776,142951,44232,0.9053522741469653,0.262636599472342,0.08126520323649805,1.2492540768558054,4.995027179038702,0.8512014243751691,7.177183553576261,5.7224126372178885,4.018244635657394,5.005505964213679,363815,0.593,0.5760000000000001,0.5894327713053016
46,2016,1,South Dakota,SD,865454,16180,213901,299560,828912,263018,635373,36.8,31032,28585,0.4495,139760,24150,36532,87087,65093,111002,35829,9174,7256,218239,865454,833227,713315,14332,73570,12901,151,280,18678,32227,0.8242090278628327,0.016560094470647775,0.08500740651727301,0.014906627041991834,1.7447489987913858e-4,3.235296156699258e-4,0.02158173629101027,0.03723710330069536,0.17579097213716732,78.99,5.412499999999998,515883,163261,52259,0.9116247919221621,0.28850102669404515,0.09234768348842716,1.2924735021046343,5.283156680697561,0.8297492947250759,6.564265563573597,5.710192974989573,4.588726378311648,5.21491161538854,370093,0.586,0.5660000000000001,0.5824814715135833
47,2012,0,Tennessee,TN,6456243,164307,1494217,2119770,6226632,1890159,4797719,38.2,28236.2652,24883.7076,0.4732,1166971,266671,280224,641682,283901,680286,257964,69299,45255,1605001,6456243,6148485,4840886,1084643,12460,95459,2149,6115,106773,307758,0.7497992253389472,0.16799909792738593,0.0019299149675747955,0.014785533939785104,3.3285612081205743e-4,9.471452669919642e-4,0.01653794629477236,0.04766828014373065,0.25020077466105284,76.29,4.287500000000002,3692253,1052804,372518,0.8514414825135542,0.24277886660426573,0.0859034519527736,1.1801238010705934,4.534158673803956,0.8491354431029348,7.118155517226708,5.395490954944874,3.934170023306937,4.498103134723719,2458577,0.519,0.494,0.5124470607803416
47,2016,1,Tennessee,TN,6651194,179265,1503252,2123996,6412680,1885482,4968677,38.6,30164,27087,0.479,1199477,266460,291978,667520,328595,756055,303704,73385,49711,1578309,6651194,6303752,4929450,1105799,15049,115106,4732,8919,124697,347442,0.7411376062703929,0.16625571288403254,0.002262601271290538,0.01730606564776189,7.114512071065736e-4,0.0013409622392611012,0.018748062377973038,0.052237538102181354,0.25886239372960707,75.98,4.158333333333335,3936885,1182855,426800,0.8696074260502854,0.2612775054238847,0.09427464846909722,1.2251595799432675,4.834397199621783,0.8370851591264197,6.773861689326277,5.480885362856615,4.39203891591241,4.643143070267616,2508027,0.511,0.486,0.5047675668995992
48,2012,0,Texas,TX,26059203,2566227,6981175,9668824,24937723,8547344,16511801,33.9,30134.1573,26634.5577,0.4767,3385514,738983,1015898,2743789,1079819,2903294,1076580,240052,164154,7389940,26059203,16098293,11554528,3015396,61331,1037052,18488,31949,379549,9960910,0.44339529493668706,0.11571328562888128,0.0023535255471934424,0.03979599836572131,7.094614520635953e-4,0.001226016006705961,0.014564873683972607,0.3822415443787747,0.5566047050633129,78.62,5.258333333333335,13348083,4384080,1480786,0.8143852561310511,0.2674788667180911,0.09034482973212517,1.1722089525812673,4.481393017208449,0.8645890466090986,7.559687045974249,5.507491026797048,4.385176374641467,5.0264688138056055,7993851,0.496,0.41700000000000004,0.48412956285023057
48,2016,1,Texas,TX,27862596,2729342,7291694,10087316,26661365,8886085,17841560,34.5,31288,28714,0.48,3701336,773375,1073287,2796013,1259574,3362678,1281070,295098,196841,7603170,27862596,16979317,11843864,3270776,67038,1281698,20254,38404,457283,10883279,0.42508113745036535,0.11738949235024619,0.0024060213197650356,0.04600066698738337,7.269243684256844e-4,0.0013783353137661687,0.016412074452789683,0.3906053477572585,0.5749188625496346,78.81,5.3375,14739272,5135687,1773009,0.8292005526776512,0.2889229874297339,0.09974577053075957,1.2178693106381449,4.785795404254299,0.8556265216909359,7.303614905455312,5.625068571321303,4.645685833226427,5.186071682813406,8969226,0.514,0.434,0.5027153455191138
49,2012,0,Utah,UT,2855287,138244,887188,1213952,2703854,1062519,1829855,29.9,27755.2278,24380.6139,0.4244,327025,51438,130416,321066,159358,333947,119791,27527,23256,932634,2855287,2475854,2278904,27856,25822,61740,25284,3273,52975,379433,0.7981348284778378,0.009755936968858122,0.009043574253656463,0.021623045249041514,0.008855151863893192,0.001146294575641608,0.018553301296857373,0.13288786731421395,0.2018651715221622,79.86,5.775,1493824,504521,170574,0.9101274267593148,0.30738453758678147,0.10392393996350532,1.3214359043096016,5.47623936206401,0.8777574801015323,7.9359280029009245,6.296135575676315,3.8150407913087414,5.176565916706469,1017440,0.555,0.514,0.5560221984802074
49,2016,1,Utah,UT,3051217,145996,921847,1267973,2900413,1117169,1983374,30.7,30209,26993,0.4263,354303,50302,145106,327002,178193,381130,140249,33569,25987,973643,3051217,2630777,2401230,30915,26769,69181,28870,3070,70742,420440,0.7869745088599074,0.010132022730602248,0.008773220652611729,0.02267324808428899,0.009461798357835578,0.001006155904348986,0.023184847226532888,0.1377941981838722,0.21302549114009262,79.49,5.620833333333332,1635841,580935,199805,0.9173399714228675,0.3257742630845807,0.11204579967744178,1.35516003418489,5.701066894565932,0.8715270473849525,7.757915639570071,6.386683142900646,4.402374159060876,5.40655978418196,1131430,0.568,0.528,0.5704572107933249
50,2012,0,Vermont,VT,626011,8885,123889,191063,608333,173385,493237,42.4,30069.0387,30267.5454,0.4392,117535,14987,21569,49804,39279,95120,42576,10145,7664,154731,626011,616184,588138,6188,1910,8217,0,301,11430,9827,0.9395010630803612,0.009884810330808883,0.0030510645979064267,0.01312596743507702,0,4.808222219737353e-4,0.01825846510684317,0.015697807227029556,0.06049893691963881,80.24,5.933333333333332,398679,155505,60385,0.9166130204070372,0.3575254973008268,0.1388326880454675,1.4129712057533315,6.08647470502221,0.8924128384808374,8.354652528023927,6.842533979356115,4.370178264511935,5.619162880608123,299290,0.607,0.596,0.6067874064597749
50,2016,1,Vermont,VT,624594,11174,118684,185031,607520,167957,494736,43.1,32028,31836,0.4539,112116,16651,22489,53383,40499,92871,46671,12297,8016,143386,624594,612048,580616,7307,2113,9406,252,727,11627,12546,0.9295894613140696,0.011698799540181302,0.0033829975952378664,0.015059382574920668,4.034620889729969e-4,0.0011639561058863837,0.018615292494004104,0.020086648286727057,0.07041053868593039,79.7,5.708333333333334,404993,159855,66984,0.9213537081146502,0.36366800663386134,0.1523877123415756,1.437409427090087,6.249396180600581,0.8537066034758897,7.248760099311134,6.582517486837431,4.8077507034635385,5.653027467763335,315067,0.637,0.623,0.6368386371721484
51,2012,0,Virginia,VA,8185867,446436,1854632,2681101,7885760,2380994,5884799,37.5,35071.6176,34152.6051,0.4661,1176004,216287,325224,774019,395520,1132326,596854,133652,88672,2173528,8185867,7497895,5234502,1549541,15968,466958,5008,12497,213421,687972,0.6394560282985297,0.1892946709249002,0.0019506791400348918,0.05704441569842266,6.117861431171555e-4,0.001526655637087678,0.026071887070728123,0.08404387708717964,0.36054397170147034,79.2,5.500000000000002,4838558,1951504,819178,0.8789761453983693,0.35451170858125486,0.14881250174848487,1.382300355728109,5.882002371520727,0.9128658031057617,8.939022945878907,6.90100922964012,5.437139520992103,5.909470809363924,3854489,0.6609999999999999,0.607,0.654990765190111
51,2016,1,Virginia,VA,8411808,450469,1867560,2690635,8116753,2395580,6093779,38.2,36282,36206,0.4705,1147310,225526,347347,769322,438669,1241751,695229,142532,99173,2146237,8411808,7651197,5235564,1575478,19718,527900,6769,23107,262661,760611,0.6224065028588385,0.18729362343981223,0.002344085837432333,0.06275701965617855,8.047021520224903e-4,0.002746971875725171,0.031225272854539715,0.09042182132545108,0.3775934971411615,79.25,5.520833333333334,5106859,2178685,936934,0.8926244670454817,0.3808108931507577,0.16376606685377282,1.4372014270500122,6.248009513666748,0.8959153941842894,8.454725548122557,6.983581525152017,5.6723729967497505,6.024891194989225,3984631,0.6609999999999999,0.608,0.6538850522803665
53,2012,0,Washington,WA,6897012,434197,1585029,2251153,6643366,1997507,4877786,37.5,33598.0467,31363.0083,0.4498,921721,179506,366665,812150,448208,944631,372069,91575,63240,1718203,6897012,6089416,4927042,239399,84746,504801,38963,8885,285580,807596,0.7143734127184351,0.03471053841866594,0.012287349942264852,0.07319126021529324,0.0056492579685231805,0.0012882390229276097,0.041406336541099244,0.11709360517279077,0.28562658728156487,80.15,5.895833333333336,4199765,1471515,526884,0.9039802972927073,0.3167369048436468,0.11340938241991416,1.3341265845562682,5.560843897041789,0.8601737065251837,7.433534472148105,6.185074088743894,5.139545879154433,5.722752325766761,3125516,0.648,0.586,0.6407652980266046
53,2016,1,Washington,WA,7288000,485424,1629061,2291445,7024743,2028188,5173515,37.7,36353,35284,0.4591,917047,194739,374392,804380,491450,1098509,472318,109063,75820,1744806,7288000,6381549,5053546,254841,79382,591025,46683,10670,345402,906451,0.6934064215148189,0.034967206366630074,0.010892151481888036,0.08109563666300769,0.00640546103183315,0.0014640504939626784,0.047393249176728866,0.12437582327113063,0.3065935784851811,80.3,5.958333333333332,4537718,1755710,657201,0.9081693286674519,0.35138410364741307,0.13153082473824465,1.3910842570531097,5.940561713687398,0.8602782385064895,7.436521100185417,6.439214842520071,5.685926869603342,6.019859108429591,3317019,0.647,0.583,0.6411538383478157
54,2012,0,West Virginia,WV,1855413,11917,384220,559212,1793653,497452,1459276,41.5,27770.9823,23537.223,0.4638,439338,86894,74059,171674,81746,147257,66360,18384,9683,419145,1855413,1831692,1721901,60452,2016,12057,445,1114,33707,23721,0.9280418968714782,0.03258142526758193,0.0010865505415775356,0.006498283670535886,2.3983878521924767e-4,6.004054083915549e-4,0.018166844794124004,0.012784754661091628,0.0719581031285218,75.28,3.866666666666667,1095395,241684,94427,0.8450811255353143,0.1864556500110708,0.07284904115951153,1.1043858167058966,4.029238778039311,0.8425838070808842,6.930965916596693,4.996481157558438,3.8189750006503775,4.194201275400526,670438,0.46299999999999997,0.455,0.4594319374813264
54,2016,1,West Virginia,WV,1831102,15776,376883,539345,1769689,477932,1438443,42.3,27617,24769,0.4711,422721,89507,74822,158855,95794,162243,78802,16651,11061,394881,1831102,1804319,1684936,68738,3734,13777,404,3361,29369,26783,0.9201759377686224,0.03753914309525084,0.0020392091756767238,0.007523884524182706,2.2063216576684422e-4,0.0018355067057979294,0.016038975436649623,0.014626711128052944,0.07982406223137761,74.87,3.6958333333333355,1110456,268757,106514,0.8596477510863111,0.20805538502984694,0.08245668496474182,1.1501598210808999,4.334398807205999,0.8262284174317686,6.463669069479103,5.044155561297034,3.7804265224779847,4.130607067105492,714423,0.502,0.49200000000000005,0.49666410139296446
55,2012,0,Wisconsin,WI,5726398,141095,1316750,1872228,5522281,1668111,4268553,38.8,31549.9617,28351.7982,0.4401,1112713,135298,259585,557106,386784,688002,255462,61488,41201,1500226,5726398,5371999,4738842,352680,48138,135516,829,3096,92898,354399,0.8275432479544733,0.06158845403340809,0.008406331519394914,0.023665138189835913,1.4476814220737015e-4,5.406540027430856e-4,0.016222763419517817,0.06188864273841951,0.17245675204552668,79.73,5.720833333333335,3497639,1046153,358151,0.9074947394640092,0.27143405713811275,0.09292558449679178,1.2718543810989138,5.145695873992758,0.8993562179015665,8.553034797187616,6.281475515057711,4.7034913233621385,5.529006552932184,3068434,0.7290000000000001,0.695,0.7188464100129481
55,2016,1,Wisconsin,WI,5778709,141998,1284991,1845380,5576816,1643487,4351720,39.4,32038,30902,0.4498,1083082,139525,272788,539603,420412,758503,288536,69338,43798,1428041,5778709,5391694,4718160,355473,48653,154748,987,3230,110443,387015,0.8164730219154486,0.0615142586345843,0.008419354565180562,0.026778991639828203,1.7079939481292448e-4,5.589483741091652e-4,0.019112054266792116,0.06697257120924414,0.18352697808455143,79.37,5.570833333333335,3615585,1160175,401672,0.9192175381210166,0.294960070718722,0.1021201125052087,1.3162977213449472,5.441984808966315,0.8689092155885626,7.6831204453875035,6.189030021106711,4.809915032347006,5.494059854480472,2976150,0.695,0.662,0.6839019973711544
56,2012,0,Wyoming,WY,576412,10876,136610,195470,554038,173096,428926,36.9,30955.4919,29211.9939,0.4166,95341,20290,33188,68136,38055,64409,20963,4466,4440,154543,576412,522096,487672,5311,10328,5520,59,151,13055,54316,0.8460476187171676,0.009213895616329987,0.017917739394738487,0.009576483487505465,1.0235734162369972e-4,2.619653997487908e-4,0.022648730421989827,0.09423120962089616,0.1539523812828324,78.51,5.212500000000002,349288,94278,29869,0.91690598568811,0.24748649400696168,0.07840826162512929,1.2428007413202011,4.952004942134674,0.8928167028700836,8.36619151057382,6.090067131614389,4.571612263785055,5.255078150651527,249061,0.586,0.564,0.580661932361293
56,2016,1,Wyoming,WY,585501,10847,140860,194707,562405,171611,433794,37.2,31526,30042,0.436,93204,21420,30127,67834,45601,67845,26068,6551,5453,151204,585501,529237,494078,5400,12328,5815,173,211,11232,56264,0.8438550916223884,0.009222870669734125,0.021055472151200426,0.009931665360093322,2.954734492340747e-4,3.6037513172479634e-4,0.019183570993046982,0.09609548062257793,0.15614490837761164,78.93,5.387500000000003,364103,105917,38072,0.9317005890571504,0.2710302614676786,0.09742217127182096,1.3001530217966502,5.334353478644335,0.8810857112889033,8.031020322540098,6.233242426609589,4.698223822350177,5.403539550915382,255849,0.595,0.573,0.5897937730812322
